nis,area_km2,geometry_source,situation
11001,10.974,communes_geojson_reprojected,2026-01-01
11002,208.020,communes_geojson_reprojected,2026-01-01
11004,20.766,communes_geojson_reprojected,2026-01-01
11005,7.337,communes_geojson_reprojected,2026-01-01
11008,38.473,communes_geojson_reprojected,2026-01-01
11009,91.706,communes_geojson_reprojected,2026-01-01
11013,8.708,communes_geojson_reprojected,2026-01-01
11016,47.571,communes_geojson_reprojected,2026-01-01
11018,5.536,communes_geojson_reprojected,2026-01-01
11021,5.978,communes_geojson_reprojected,2026-01-01
11022,59.470,communes_geojson_reprojected,2026-01-01
11023,37.350,communes_geojson_reprojected,2026-01-01
11024,23.775,communes_geojson_reprojected,2026-01-01
11025,5.696,communes_geojson_reprojected,2026-01-01
11029,7.775,communes_geojson_reprojected,2026-01-01
11030,5.334,communes_geojson_reprojected,2026-01-01
11035,43.620,communes_geojson_reprojected,2026-01-01
11037,20.203,communes_geojson_reprojected,2026-01-01
11038,7.856,communes_geojson_reprojected,2026-01-01
11039,36.128,communes_geojson_reprojected,2026-01-01
11040,29.471,communes_geojson_reprojected,2026-01-01
11044,21.317,communes_geojson_reprojected,2026-01-01
11050,7.851,communes_geojson_reprojected,2026-01-01
11052,13.026,communes_geojson_reprojected,2026-01-01
11053,89.249,communes_geojson_reprojected,2026-01-01
11054,40.128,communes_geojson_reprojected,2026-01-01
11055,38.688,communes_geojson_reprojected,2026-01-01
11057,51.817,communes_geojson_reprojected,2026-01-01
12002,24.534,communes_geojson_reprojected,2026-01-01
12005,29.231,communes_geojson_reprojected,2026-01-01
12007,46.220,communes_geojson_reprojected,2026-01-01
12009,22.587,communes_geojson_reprojected,2026-01-01
12014,86.684,communes_geojson_reprojected,2026-01-01
12021,49.771,communes_geojson_reprojected,2026-01-01
12025,65.787,communes_geojson_reprojected,2026-01-01
12026,39.163,communes_geojson_reprojected,2026-01-01
12029,35.304,communes_geojson_reprojected,2026-01-01
12035,36.095,communes_geojson_reprojected,2026-01-01
12040,27.403,communes_geojson_reprojected,2026-01-01
12041,49.081,communes_geojson_reprojected,2026-01-01
13001,55.111,communes_geojson_reprojected,2026-01-01
13002,7.399,communes_geojson_reprojected,2026-01-01
13003,72.937,communes_geojson_reprojected,2026-01-01
13004,37.380,communes_geojson_reprojected,2026-01-01
13006,27.515,communes_geojson_reprojected,2026-01-01
13008,110.302,communes_geojson_reprojected,2026-01-01
13010,28.420,communes_geojson_reprojected,2026-01-01
13011,47.957,communes_geojson_reprojected,2026-01-01
13012,23.573,communes_geojson_reprojected,2026-01-01
13013,52.412,communes_geojson_reprojected,2026-01-01
13014,105.371,communes_geojson_reprojected,2026-01-01
13016,17.357,communes_geojson_reprojected,2026-01-01
13017,72.205,communes_geojson_reprojected,2026-01-01
13019,59.627,communes_geojson_reprojected,2026-01-01
13021,36.482,communes_geojson_reprojected,2026-01-01
13023,44.575,communes_geojson_reprojected,2026-01-01
13025,114.496,communes_geojson_reprojected,2026-01-01
13029,23.101,communes_geojson_reprojected,2026-01-01
13031,39.215,communes_geojson_reprojected,2026-01-01
13035,95.199,communes_geojson_reprojected,2026-01-01
13036,48.504,communes_geojson_reprojected,2026-01-01
13037,46.896,communes_geojson_reprojected,2026-01-01
13040,56.668,communes_geojson_reprojected,2026-01-01
13044,27.547,communes_geojson_reprojected,2026-01-01
13046,11.873,communes_geojson_reprojected,2026-01-01
13049,55.445,communes_geojson_reprojected,2026-01-01
13053,42.491,communes_geojson_reprojected,2026-01-01
21001,17.933,communes_geojson_reprojected,2026-01-01
21002,8.997,communes_geojson_reprojected,2026-01-01
21003,2.957,communes_geojson_reprojected,2026-01-01
21004,33.084,communes_geojson_reprojected,2026-01-01
21005,3.162,communes_geojson_reprojected,2026-01-01
21006,5.138,communes_geojson_reprojected,2026-01-01
21007,6.332,communes_geojson_reprojected,2026-01-01
21008,2.423,communes_geojson_reprojected,2026-01-01
21009,6.333,communes_geojson_reprojected,2026-01-01
21010,5.221,communes_geojson_reprojected,2026-01-01
21011,1.175,communes_geojson_reprojected,2026-01-01
21012,6.013,communes_geojson_reprojected,2026-01-01
21013,2.508,communes_geojson_reprojected,2026-01-01
21014,1.200,communes_geojson_reprojected,2026-01-01
21015,7.865,communes_geojson_reprojected,2026-01-01
21016,22.893,communes_geojson_reprojected,2026-01-01
21017,12.972,communes_geojson_reprojected,2026-01-01
21018,7.344,communes_geojson_reprojected,2026-01-01
21019,8.906,communes_geojson_reprojected,2026-01-01
23002,50.176,communes_geojson_reprojected,2026-01-01
23003,30.433,communes_geojson_reprojected,2026-01-01
23009,19.177,communes_geojson_reprojected,2026-01-01
23016,41.489,communes_geojson_reprojected,2026-01-01
23025,38.623,communes_geojson_reprojected,2026-01-01
23027,44.981,communes_geojson_reprojected,2026-01-01
23033,20.594,communes_geojson_reprojected,2026-01-01
23038,33.597,communes_geojson_reprojected,2026-01-01
23039,15.259,communes_geojson_reprojected,2026-01-01
23044,10.167,communes_geojson_reprojected,2026-01-01
23045,36.492,communes_geojson_reprojected,2026-01-01
23047,11.536,communes_geojson_reprojected,2026-01-01
23050,35.069,communes_geojson_reprojected,2026-01-01
23052,37.017,communes_geojson_reprojected,2026-01-01
23060,19.954,communes_geojson_reprojected,2026-01-01
23062,45.064,communes_geojson_reprojected,2026-01-01
23064,35.931,communes_geojson_reprojected,2026-01-01
23077,40.556,communes_geojson_reprojected,2026-01-01
23081,23.581,communes_geojson_reprojected,2026-01-01
23086,24.706,communes_geojson_reprojected,2026-01-01
23088,21.601,communes_geojson_reprojected,2026-01-01
23094,27.732,communes_geojson_reprojected,2026-01-01
23096,43.278,communes_geojson_reprojected,2026-01-01
23097,21.927,communes_geojson_reprojected,2026-01-01
23098,2.518,communes_geojson_reprojected,2026-01-01
23099,5.861,communes_geojson_reprojected,2026-01-01
23100,4.202,communes_geojson_reprojected,2026-01-01
23101,22.794,communes_geojson_reprojected,2026-01-01
23102,8.759,communes_geojson_reprojected,2026-01-01
23103,6.850,communes_geojson_reprojected,2026-01-01
23104,31.130,communes_geojson_reprojected,2026-01-01
23105,17.861,communes_geojson_reprojected,2026-01-01
23106,120.242,communes_geojson_reprojected,2026-01-01
24001,62.998,communes_geojson_reprojected,2026-01-01
24007,17.637,communes_geojson_reprojected,2026-01-01
24008,37.309,communes_geojson_reprojected,2026-01-01
24009,29.969,communes_geojson_reprojected,2026-01-01
24011,39.021,communes_geojson_reprojected,2026-01-01
24014,18.801,communes_geojson_reprojected,2026-01-01
24016,31.169,communes_geojson_reprojected,2026-01-01
24020,58.667,communes_geojson_reprojected,2026-01-01
24028,35.513,communes_geojson_reprojected,2026-01-01
24033,30.765,communes_geojson_reprojected,2026-01-01
24038,32.751,communes_geojson_reprojected,2026-01-01
24041,34.017,communes_geojson_reprojected,2026-01-01
24043,38.774,communes_geojson_reprojected,2026-01-01
24045,39.991,communes_geojson_reprojected,2026-01-01
24048,18.456,communes_geojson_reprojected,2026-01-01
24054,49.599,communes_geojson_reprojected,2026-01-01
24055,34.735,communes_geojson_reprojected,2026-01-01
24059,53.289,communes_geojson_reprojected,2026-01-01
24062,57.490,communes_geojson_reprojected,2026-01-01
24066,45.322,communes_geojson_reprojected,2026-01-01
24086,31.097,communes_geojson_reprojected,2026-01-01
24094,37.184,communes_geojson_reprojected,2026-01-01
24104,33.474,communes_geojson_reprojected,2026-01-01
24107,72.688,communes_geojson_reprojected,2026-01-01
24109,21.897,communes_geojson_reprojected,2026-01-01
24130,46.835,communes_geojson_reprojected,2026-01-01
24133,36.933,communes_geojson_reprojected,2026-01-01
24134,51.186,communes_geojson_reprojected,2026-01-01
24135,44.504,communes_geojson_reprojected,2026-01-01
24137,26.981,communes_geojson_reprojected,2026-01-01
25005,38.587,communes_geojson_reprojected,2026-01-01
25014,52.179,communes_geojson_reprojected,2026-01-01
25015,22.789,communes_geojson_reprojected,2026-01-01
25018,48.286,communes_geojson_reprojected,2026-01-01
25023,26.948,communes_geojson_reprojected,2026-01-01
25031,90.413,communes_geojson_reprojected,2026-01-01
25037,55.563,communes_geojson_reprojected,2026-01-01
25043,38.965,communes_geojson_reprojected,2026-01-01
25044,35.066,communes_geojson_reprojected,2026-01-01
25048,73.743,communes_geojson_reprojected,2026-01-01
25050,15.570,communes_geojson_reprojected,2026-01-01
25068,18.719,communes_geojson_reprojected,2026-01-01
25072,60.762,communes_geojson_reprojected,2026-01-01
25084,51.199,communes_geojson_reprojected,2026-01-01
25091,17.496,communes_geojson_reprojected,2026-01-01
25105,32.795,communes_geojson_reprojected,2026-01-01
25107,48.032,communes_geojson_reprojected,2026-01-01
25110,21.353,communes_geojson_reprojected,2026-01-01
25112,42.046,communes_geojson_reprojected,2026-01-01
25117,31.589,communes_geojson_reprojected,2026-01-01
25118,16.975,communes_geojson_reprojected,2026-01-01
25119,47.570,communes_geojson_reprojected,2026-01-01
25120,50.924,communes_geojson_reprojected,2026-01-01
25121,33.364,communes_geojson_reprojected,2026-01-01
25122,49.061,communes_geojson_reprojected,2026-01-01
25123,39.232,communes_geojson_reprojected,2026-01-01
25124,37.928,communes_geojson_reprojected,2026-01-01
31003,72.493,communes_geojson_reprojected,2026-01-01
31004,18.991,communes_geojson_reprojected,2026-01-01
31005,141.021,communes_geojson_reprojected,2026-01-01
31006,90.524,communes_geojson_reprojected,2026-01-01
31012,53.975,communes_geojson_reprojected,2026-01-01
31022,80.055,communes_geojson_reprojected,2026-01-01
31033,45.312,communes_geojson_reprojected,2026-01-01
31040,60.633,communes_geojson_reprojected,2026-01-01
31042,48.881,communes_geojson_reprojected,2026-01-01
31043,61.779,communes_geojson_reprojected,2026-01-01
32003,150.644,communes_geojson_reprojected,2026-01-01
32006,56.081,communes_geojson_reprojected,2026-01-01
32010,39.492,communes_geojson_reprojected,2026-01-01
32011,55.403,communes_geojson_reprojected,2026-01-01
32030,63.395,communes_geojson_reprojected,2026-01-01
33011,131.470,communes_geojson_reprojected,2026-01-01
33016,3.620,communes_geojson_reprojected,2026-01-01
33021,120.273,communes_geojson_reprojected,2026-01-01
33029,43.801,communes_geojson_reprojected,2026-01-01
33037,68.021,communes_geojson_reprojected,2026-01-01
33039,94.740,communes_geojson_reprojected,2026-01-01
33040,53.201,communes_geojson_reprojected,2026-01-01
33041,38.495,communes_geojson_reprojected,2026-01-01
34002,42.370,communes_geojson_reprojected,2026-01-01
34003,22.192,communes_geojson_reprojected,2026-01-01
34009,16.942,communes_geojson_reprojected,2026-01-01
34013,29.402,communes_geojson_reprojected,2026-01-01
34022,80.716,communes_geojson_reprojected,2026-01-01
34023,10.140,communes_geojson_reprojected,2026-01-01
34025,13.286,communes_geojson_reprojected,2026-01-01
34027,33.196,communes_geojson_reprojected,2026-01-01
34040,44.532,communes_geojson_reprojected,2026-01-01
34041,39.126,communes_geojson_reprojected,2026-01-01
34042,63.621,communes_geojson_reprojected,2026-01-01
34043,10.754,communes_geojson_reprojected,2026-01-01
35002,14.382,communes_geojson_reprojected,2026-01-01
35005,42.926,communes_geojson_reprojected,2026-01-01
35006,45.730,communes_geojson_reprojected,2026-01-01
35011,78.986,communes_geojson_reprojected,2026-01-01
35013,41.202,communes_geojson_reprojected,2026-01-01
35014,35.618,communes_geojson_reprojected,2026-01-01
35029,46.137,communes_geojson_reprojected,2026-01-01
36006,38.140,communes_geojson_reprojected,2026-01-01
36007,16.444,communes_geojson_reprojected,2026-01-01
36008,25.668,communes_geojson_reprojected,2026-01-01
36010,24.849,communes_geojson_reprojected,2026-01-01
36011,26.140,communes_geojson_reprojected,2026-01-01
36012,35.474,communes_geojson_reprojected,2026-01-01
36015,60.363,communes_geojson_reprojected,2026-01-01
36019,46.769,communes_geojson_reprojected,2026-01-01
37002,26.097,communes_geojson_reprojected,2026-01-01
37010,16.733,communes_geojson_reprojected,2026-01-01
37011,34.642,communes_geojson_reprojected,2026-01-01
37017,21.892,communes_geojson_reprojected,2026-01-01
37020,34.834,communes_geojson_reprojected,2026-01-01
37021,99.237,communes_geojson_reprojected,2026-01-01
37022,98.357,communes_geojson_reprojected,2026-01-01
38002,80.792,communes_geojson_reprojected,2026-01-01
38008,26.688,communes_geojson_reprojected,2026-01-01
38014,50.046,communes_geojson_reprojected,2026-01-01
38016,33.254,communes_geojson_reprojected,2026-01-01
38025,97.262,communes_geojson_reprojected,2026-01-01
41002,78.684,communes_geojson_reprojected,2026-01-01
41011,13.860,communes_geojson_reprojected,2026-01-01
41018,80.044,communes_geojson_reprojected,2026-01-01
41024,30.494,communes_geojson_reprojected,2026-01-01
41027,47.881,communes_geojson_reprojected,2026-01-01
41034,29.889,communes_geojson_reprojected,2026-01-01
41048,73.135,communes_geojson_reprojected,2026-01-01
41063,27.074,communes_geojson_reprojected,2026-01-01
41081,57.446,communes_geojson_reprojected,2026-01-01
41082,34.365,communes_geojson_reprojected,2026-01-01
42003,38.055,communes_geojson_reprojected,2026-01-01
42004,25.657,communes_geojson_reprojected,2026-01-01
42006,56.518,communes_geojson_reprojected,2026-01-01
42008,40.499,communes_geojson_reprojected,2026-01-01
42010,32.588,communes_geojson_reprojected,2026-01-01
42011,27.336,communes_geojson_reprojected,2026-01-01
42023,32.231,communes_geojson_reprojected,2026-01-01
42025,37.036,communes_geojson_reprojected,2026-01-01
42026,23.278,communes_geojson_reprojected,2026-01-01
42028,33.469,communes_geojson_reprojected,2026-01-01
43002,87.511,communes_geojson_reprojected,2026-01-01
43005,30.451,communes_geojson_reprojected,2026-01-01
43007,33.577,communes_geojson_reprojected,2026-01-01
43010,95.582,communes_geojson_reprojected,2026-01-01
43014,74.779,communes_geojson_reprojected,2026-01-01
43018,13.682,communes_geojson_reprojected,2026-01-01
44013,26.772,communes_geojson_reprojected,2026-01-01
44019,75.265,communes_geojson_reprojected,2026-01-01
44020,31.577,communes_geojson_reprojected,2026-01-01
44021,157.821,communes_geojson_reprojected,2026-01-01
44052,43.502,communes_geojson_reprojected,2026-01-01
44064,14.434,communes_geojson_reprojected,2026-01-01
44081,32.708,communes_geojson_reprojected,2026-01-01
44083,127.954,communes_geojson_reprojected,2026-01-01
44084,119.901,communes_geojson_reprojected,2026-01-01
44085,80.739,communes_geojson_reprojected,2026-01-01
44086,53.350,communes_geojson_reprojected,2026-01-01
44087,95.122,communes_geojson_reprojected,2026-01-01
44088,52.403,communes_geojson_reprojected,2026-01-01
45035,68.868,communes_geojson_reprojected,2026-01-01
45041,34.647,communes_geojson_reprojected,2026-01-01
45059,57.011,communes_geojson_reprojected,2026-01-01
45060,30.537,communes_geojson_reprojected,2026-01-01
45061,42.463,communes_geojson_reprojected,2026-01-01
45062,11.261,communes_geojson_reprojected,2026-01-01
45063,26.374,communes_geojson_reprojected,2026-01-01
45064,46.204,communes_geojson_reprojected,2026-01-01
45065,33.909,communes_geojson_reprojected,2026-01-01
45068,71.545,communes_geojson_reprojected,2026-01-01
46020,55.339,communes_geojson_reprojected,2026-01-01
46021,84.052,communes_geojson_reprojected,2026-01-01
46024,45.278,communes_geojson_reprojected,2026-01-01
46025,40.169,communes_geojson_reprojected,2026-01-01
46029,106.288,communes_geojson_reprojected,2026-01-01
46030,206.702,communes_geojson_reprojected,2026-01-01
51004,127.904,communes_geojson_reprojected,2026-01-01
51008,62.294,communes_geojson_reprojected,2026-01-01
51009,43.786,communes_geojson_reprojected,2026-01-01
51012,28.605,communes_geojson_reprojected,2026-01-01
51014,47.335,communes_geojson_reprojected,2026-01-01
51017,45.151,communes_geojson_reprojected,2026-01-01
51019,23.241,communes_geojson_reprojected,2026-01-01
51065,112.857,communes_geojson_reprojected,2026-01-01
51067,39.320,communes_geojson_reprojected,2026-01-01
51068,68.703,communes_geojson_reprojected,2026-01-01
51069,72.586,communes_geojson_reprojected,2026-01-01
52010,18.239,communes_geojson_reprojected,2026-01-01
52011,103.029,communes_geojson_reprojected,2026-01-01
52012,27.351,communes_geojson_reprojected,2026-01-01
52015,44.448,communes_geojson_reprojected,2026-01-01
52018,10.346,communes_geojson_reprojected,2026-01-01
52021,59.492,communes_geojson_reprojected,2026-01-01
52022,28.663,communes_geojson_reprojected,2026-01-01
52025,47.640,communes_geojson_reprojected,2026-01-01
52048,15.262,communes_geojson_reprojected,2026-01-01
52055,56.044,communes_geojson_reprojected,2026-01-01
52074,22.416,communes_geojson_reprojected,2026-01-01
52075,42.880,communes_geojson_reprojected,2026-01-01
53014,20.097,communes_geojson_reprojected,2026-01-01
53020,33.650,communes_geojson_reprojected,2026-01-01
53028,26.119,communes_geojson_reprojected,2026-01-01
53039,26.392,communes_geojson_reprojected,2026-01-01
53044,58.117,communes_geojson_reprojected,2026-01-01
53046,49.888,communes_geojson_reprojected,2026-01-01
53053,147.599,communes_geojson_reprojected,2026-01-01
53065,11.208,communes_geojson_reprojected,2026-01-01
53068,21.513,communes_geojson_reprojected,2026-01-01
53070,70.646,communes_geojson_reprojected,2026-01-01
53082,13.727,communes_geojson_reprojected,2026-01-01
53083,44.223,communes_geojson_reprojected,2026-01-01
53084,65.370,communes_geojson_reprojected,2026-01-01
55004,84.895,communes_geojson_reprojected,2026-01-01
55035,43.365,communes_geojson_reprojected,2026-01-01
55040,111.233,communes_geojson_reprojected,2026-01-01
55050,34.891,communes_geojson_reprojected,2026-01-01
55085,63.837,communes_geojson_reprojected,2026-01-01
55086,19.473,communes_geojson_reprojected,2026-01-01
56001,17.134,communes_geojson_reprojected,2026-01-01
56005,93.543,communes_geojson_reprojected,2026-01-01
56016,198.699,communes_geojson_reprojected,2026-01-01
56022,44.645,communes_geojson_reprojected,2026-01-01
56029,86.530,communes_geojson_reprojected,2026-01-01
56044,32.210,communes_geojson_reprojected,2026-01-01
56049,30.524,communes_geojson_reprojected,2026-01-01
56051,85.975,communes_geojson_reprojected,2026-01-01
56078,76.677,communes_geojson_reprojected,2026-01-01
56086,45.720,communes_geojson_reprojected,2026-01-01
56088,73.543,communes_geojson_reprojected,2026-01-01
57003,31.366,communes_geojson_reprojected,2026-01-01
57018,67.559,communes_geojson_reprojected,2026-01-01
57027,32.112,communes_geojson_reprojected,2026-01-01
57062,33.114,communes_geojson_reprojected,2026-01-01
57064,61.042,communes_geojson_reprojected,2026-01-01
57072,24.007,communes_geojson_reprojected,2026-01-01
57081,215.367,communes_geojson_reprojected,2026-01-01
57093,46.512,communes_geojson_reprojected,2026-01-01
57094,74.364,communes_geojson_reprojected,2026-01-01
57095,27.188,communes_geojson_reprojected,2026-01-01
57096,40.659,communes_geojson_reprojected,2026-01-01
57097,61.383,communes_geojson_reprojected,2026-01-01
58001,64.484,communes_geojson_reprojected,2026-01-01
58002,61.113,communes_geojson_reprojected,2026-01-01
58003,73.319,communes_geojson_reprojected,2026-01-01
58004,20.400,communes_geojson_reprojected,2026-01-01
61003,27.719,communes_geojson_reprojected,2026-01-01
61010,32.586,communes_geojson_reprojected,2026-01-01
61012,79.622,communes_geojson_reprojected,2026-01-01
61019,57.145,communes_geojson_reprojected,2026-01-01
61024,27.627,communes_geojson_reprojected,2026-01-01
61028,38.409,communes_geojson_reprojected,2026-01-01
61031,47.530,communes_geojson_reprojected,2026-01-01
61039,30.070,communes_geojson_reprojected,2026-01-01
61041,40.376,communes_geojson_reprojected,2026-01-01
61043,36.064,communes_geojson_reprojected,2026-01-01
61048,40.228,communes_geojson_reprojected,2026-01-01
61063,24.395,communes_geojson_reprojected,2026-01-01
61068,32.879,communes_geojson_reprojected,2026-01-01
61072,44.032,communes_geojson_reprojected,2026-01-01
61079,37.448,communes_geojson_reprojected,2026-01-01
61080,27.744,communes_geojson_reprojected,2026-01-01
61081,37.319,communes_geojson_reprojected,2026-01-01
62003,23.433,communes_geojson_reprojected,2026-01-01
62006,27.180,communes_geojson_reprojected,2026-01-01
62009,79.957,communes_geojson_reprojected,2026-01-01
62011,38.095,communes_geojson_reprojected,2026-01-01
62015,7.213,communes_geojson_reprojected,2026-01-01
62022,25.450,communes_geojson_reprojected,2026-01-01
62026,22.647,communes_geojson_reprojected,2026-01-01
62027,36.104,communes_geojson_reprojected,2026-01-01
62032,34.177,communes_geojson_reprojected,2026-01-01
62038,13.735,communes_geojson_reprojected,2026-01-01
62051,23.316,communes_geojson_reprojected,2026-01-01
62060,35.484,communes_geojson_reprojected,2026-01-01
62063,68.633,communes_geojson_reprojected,2026-01-01
62079,36.067,communes_geojson_reprojected,2026-01-01
62093,6.929,communes_geojson_reprojected,2026-01-01
62096,35.208,communes_geojson_reprojected,2026-01-01
62099,27.196,communes_geojson_reprojected,2026-01-01
62100,74.377,communes_geojson_reprojected,2026-01-01
62108,27.865,communes_geojson_reprojected,2026-01-01
62118,34.070,communes_geojson_reprojected,2026-01-01
62119,26.038,communes_geojson_reprojected,2026-01-01
62120,36.625,communes_geojson_reprojected,2026-01-01
62121,31.764,communes_geojson_reprojected,2026-01-01
62122,24.178,communes_geojson_reprojected,2026-01-01
63001,125.954,communes_geojson_reprojected,2026-01-01
63003,18.805,communes_geojson_reprojected,2026-01-01
63004,85.661,communes_geojson_reprojected,2026-01-01
63012,150.713,communes_geojson_reprojected,2026-01-01
63013,96.871,communes_geojson_reprojected,2026-01-01
63020,14.006,communes_geojson_reprojected,2026-01-01
63023,95.873,communes_geojson_reprojected,2026-01-01
63035,56.812,communes_geojson_reprojected,2026-01-01
63038,106.913,communes_geojson_reprojected,2026-01-01
63040,18.116,communes_geojson_reprojected,2026-01-01
63045,92.445,communes_geojson_reprojected,2026-01-01
63046,24.572,communes_geojson_reprojected,2026-01-01
63048,28.729,communes_geojson_reprojected,2026-01-01
63049,100.439,communes_geojson_reprojected,2026-01-01
63057,16.033,communes_geojson_reprojected,2026-01-01
63058,24.875,communes_geojson_reprojected,2026-01-01
63061,72.885,communes_geojson_reprojected,2026-01-01
63067,147.069,communes_geojson_reprojected,2026-01-01
63072,39.844,communes_geojson_reprojected,2026-01-01
63073,85.131,communes_geojson_reprojected,2026-01-01
63075,108.511,communes_geojson_reprojected,2026-01-01
63076,83.507,communes_geojson_reprojected,2026-01-01
63079,33.090,communes_geojson_reprojected,2026-01-01
63080,97.559,communes_geojson_reprojected,2026-01-01
63084,24.673,communes_geojson_reprojected,2026-01-01
63086,68.906,communes_geojson_reprojected,2026-01-01
63087,109.792,communes_geojson_reprojected,2026-01-01
63088,53.091,communes_geojson_reprojected,2026-01-01
63089,28.651,communes_geojson_reprojected,2026-01-01
64008,14.486,communes_geojson_reprojected,2026-01-01
64015,44.027,communes_geojson_reprojected,2026-01-01
64021,16.990,communes_geojson_reprojected,2026-01-01
64023,23.409,communes_geojson_reprojected,2026-01-01
64025,19.513,communes_geojson_reprojected,2026-01-01
64029,23.630,communes_geojson_reprojected,2026-01-01
64034,86.397,communes_geojson_reprojected,2026-01-01
64047,14.716,communes_geojson_reprojected,2026-01-01
64056,19.444,communes_geojson_reprojected,2026-01-01
64063,22.784,communes_geojson_reprojected,2026-01-01
64065,20.961,communes_geojson_reprojected,2026-01-01
64074,30.930,communes_geojson_reprojected,2026-01-01
64075,24.469,communes_geojson_reprojected,2026-01-01
64076,28.517,communes_geojson_reprojected,2026-01-01
71002,22.136,communes_geojson_reprojected,2026-01-01
71004,78.543,communes_geojson_reprojected,2026-01-01
71011,41.359,communes_geojson_reprojected,2026-01-01
71016,87.615,communes_geojson_reprojected,2026-01-01
71017,56.370,communes_geojson_reprojected,2026-01-01
71020,36.498,communes_geojson_reprojected,2026-01-01
71024,43.109,communes_geojson_reprojected,2026-01-01
71034,22.625,communes_geojson_reprojected,2026-01-01
71037,53.691,communes_geojson_reprojected,2026-01-01
71045,22.528,communes_geojson_reprojected,2026-01-01
71053,107.045,communes_geojson_reprojected,2026-01-01
71066,39.476,communes_geojson_reprojected,2026-01-01
71067,32.117,communes_geojson_reprojected,2026-01-01
71070,53.423,communes_geojson_reprojected,2026-01-01
71071,84.443,communes_geojson_reprojected,2026-01-01
71072,136.739,communes_geojson_reprojected,2026-01-01
72003,59.284,communes_geojson_reprojected,2026-01-01
72004,64.971,communes_geojson_reprojected,2026-01-01
72018,54.831,communes_geojson_reprojected,2026-01-01
72020,102.275,communes_geojson_reprojected,2026-01-01
72021,77.108,communes_geojson_reprojected,2026-01-01
72030,87.265,communes_geojson_reprojected,2026-01-01
72037,43.593,communes_geojson_reprojected,2026-01-01
72038,76.685,communes_geojson_reprojected,2026-01-01
72039,78.363,communes_geojson_reprojected,2026-01-01
72041,65.892,communes_geojson_reprojected,2026-01-01
72042,116.413,communes_geojson_reprojected,2026-01-01
72043,83.763,communes_geojson_reprojected,2026-01-01
73001,28.210,communes_geojson_reprojected,2026-01-01
73022,53.114,communes_geojson_reprojected,2026-01-01
73028,1.338,communes_geojson_reprojected,2026-01-01
73042,58.867,communes_geojson_reprojected,2026-01-01
73066,58.117,communes_geojson_reprojected,2026-01-01
73098,26.744,communes_geojson_reprojected,2026-01-01
73107,76.867,communes_geojson_reprojected,2026-01-01
73109,50.672,communes_geojson_reprojected,2026-01-01
73110,106.062,communes_geojson_reprojected,2026-01-01
73111,139.323,communes_geojson_reprojected,2026-01-01
81001,119.042,communes_geojson_reprojected,2026-01-01
81003,71.190,communes_geojson_reprojected,2026-01-01
81004,46.078,communes_geojson_reprojected,2026-01-01
81013,30.049,communes_geojson_reprojected,2026-01-01
81015,52.630,communes_geojson_reprojected,2026-01-01
82009,74.807,communes_geojson_reprojected,2026-01-01
82014,167.379,communes_geojson_reprojected,2026-01-01
82032,140.810,communes_geojson_reprojected,2026-01-01
82036,135.732,communes_geojson_reprojected,2026-01-01
82037,165.360,communes_geojson_reprojected,2026-01-01
82038,97.960,communes_geojson_reprojected,2026-01-01
82039,264.617,communes_geojson_reprojected,2026-01-01
83012,156.997,communes_geojson_reprojected,2026-01-01
83013,78.872,communes_geojson_reprojected,2026-01-01
83028,56.903,communes_geojson_reprojected,2026-01-01
83031,148.497,communes_geojson_reprojected,2026-01-01
83034,122.070,communes_geojson_reprojected,2026-01-01
83040,113.089,communes_geojson_reprojected,2026-01-01
83044,69.309,communes_geojson_reprojected,2026-01-01
83049,91.918,communes_geojson_reprojected,2026-01-01
83055,120.125,communes_geojson_reprojected,2026-01-01
84009,138.427,communes_geojson_reprojected,2026-01-01
84010,148.539,communes_geojson_reprojected,2026-01-01
84016,56.847,communes_geojson_reprojected,2026-01-01
84029,58.487,communes_geojson_reprojected,2026-01-01
84033,173.642,communes_geojson_reprojected,2026-01-01
84035,140.675,communes_geojson_reprojected,2026-01-01
84043,114.468,communes_geojson_reprojected,2026-01-01
84050,111.240,communes_geojson_reprojected,2026-01-01
84059,112.080,communes_geojson_reprojected,2026-01-01
84068,56.910,communes_geojson_reprojected,2026-01-01
84075,67.794,communes_geojson_reprojected,2026-01-01
84077,179.201,communes_geojson_reprojected,2026-01-01
85007,114.001,communes_geojson_reprojected,2026-01-01
85009,79.430,communes_geojson_reprojected,2026-01-01
85011,147.990,communes_geojson_reprojected,2026-01-01
85024,55.056,communes_geojson_reprojected,2026-01-01
85026,35.392,communes_geojson_reprojected,2026-01-01
85034,36.312,communes_geojson_reprojected,2026-01-01
85039,81.884,communes_geojson_reprojected,2026-01-01
85045,95.588,communes_geojson_reprojected,2026-01-01
85046,103.529,communes_geojson_reprojected,2026-01-01
85047,28.127,communes_geojson_reprojected,2026-01-01
91005,65.989,communes_geojson_reprojected,2026-01-01
91013,174.727,communes_geojson_reprojected,2026-01-01
91015,109.591,communes_geojson_reprojected,2026-01-01
91030,147.870,communes_geojson_reprojected,2026-01-01
91034,100.087,communes_geojson_reprojected,2026-01-01
91054,151.610,communes_geojson_reprojected,2026-01-01
91059,76.654,communes_geojson_reprojected,2026-01-01
91064,104.660,communes_geojson_reprojected,2026-01-01
91072,122.872,communes_geojson_reprojected,2026-01-01
91103,65.660,communes_geojson_reprojected,2026-01-01
91114,166.351,communes_geojson_reprojected,2026-01-01
91120,95.343,communes_geojson_reprojected,2026-01-01
91141,57.090,communes_geojson_reprojected,2026-01-01
91142,56.612,communes_geojson_reprojected,2026-01-01
91143,101.345,communes_geojson_reprojected,2026-01-01
92003,86.105,communes_geojson_reprojected,2026-01-01
92006,78.427,communes_geojson_reprojected,2026-01-01
92035,103.211,communes_geojson_reprojected,2026-01-01
92045,39.098,communes_geojson_reprojected,2026-01-01
92048,63.288,communes_geojson_reprojected,2026-01-01
92054,64.949,communes_geojson_reprojected,2026-01-01
92087,116.789,communes_geojson_reprojected,2026-01-01
92094,176.048,communes_geojson_reprojected,2026-01-01
92097,56.821,communes_geojson_reprojected,2026-01-01
92101,50.444,communes_geojson_reprojected,2026-01-01
92114,35.932,communes_geojson_reprojected,2026-01-01
92137,34.293,communes_geojson_reprojected,2026-01-01
92138,65.812,communes_geojson_reprojected,2026-01-01
92140,46.957,communes_geojson_reprojected,2026-01-01
92141,53.026,communes_geojson_reprojected,2026-01-01
92142,96.547,communes_geojson_reprojected,2026-01-01
93010,83.442,communes_geojson_reprojected,2026-01-01
93014,206.984,communes_geojson_reprojected,2026-01-01
93018,84.169,communes_geojson_reprojected,2026-01-01
93022,134.363,communes_geojson_reprojected,2026-01-01
93056,157.257,communes_geojson_reprojected,2026-01-01
93088,123.633,communes_geojson_reprojected,2026-01-01
93090,121.234,communes_geojson_reprojected,2026-01-01
