geo_id,nis_code,level,name_nl,name_fr,name_en,parent_geo_id,valid_from,valid_to,successor_geo_id,nuts
be:arr:11000,11000,arrondissement,Arrondissement Antwerpen,Arrondissement d’Anvers,Arrondissement Antwerpen,be:prov:10000,1977-01-01,,,BE211
be:arr:12000,12000,arrondissement,Arrondissement Mechelen,Arrondissement de Malines,Arrondissement Mechelen,be:prov:10000,1977-01-01,,,BE212
be:arr:13000,13000,arrondissement,Arrondissement Turnhout,Arrondissement de Turnhout,Arrondissement Turnhout,be:prov:10000,1977-01-01,,,BE213
be:arr:21000,21000,arrondissement,Arrondissement Brussel-Hoofdstad,Arrondissement de Bruxelles-Capitale,Arrondissement Brussel-Hoofdstad,be:reg:04000,1977-01-01,,,BE100
be:arr:23000,23000,arrondissement,Arrondissement Halle-Vilvoorde,Arrondissement de Hal-Vilvorde,Arrondissement Halle-Vilvoorde,be:prov:20001,1977-01-01,,,BE241
be:arr:24000,24000,arrondissement,Arrondissement Leuven,Arrondissement de Louvain,Arrondissement Leuven,be:prov:20001,1977-01-01,,,BE242
be:arr:25000,25000,arrondissement,Arrondissement Nijvel,Arrondissement de Nivelles,Arrondissement Nijvel,be:prov:20002,1977-01-01,,,BE310
be:arr:31000,31000,arrondissement,Arrondissement Brugge,Arrondissement de Bruges,Arrondissement Brugge,be:prov:30000,1977-01-01,,,BE251
be:arr:32000,32000,arrondissement,Arrondissement Diksmuide,Arrondissement de Dixmude,Arrondissement Diksmuide,be:prov:30000,1977-01-01,,,BE252
be:arr:33000,33000,arrondissement,Arrondissement Ieper,Arrondissement d’Ypres,Arrondissement Ieper,be:prov:30000,1977-01-01,,,BE253
be:arr:34000,34000,arrondissement,Arrondissement Kortrijk,Arrondissement de Courtrai,Arrondissement Kortrijk,be:prov:30000,1977-01-01,,,BE254
be:arr:35000,35000,arrondissement,Arrondissement Oostende,Arrondissement d’Ostende,Arrondissement Oostende,be:prov:30000,1977-01-01,,,BE255
be:arr:36000,36000,arrondissement,Arrondissement Roeselare,Arrondissement de Roulers,Arrondissement Roeselare,be:prov:30000,1977-01-01,,,BE256
be:arr:37000,37000,arrondissement,Arrondissement Tielt,Arrondissement de Tielt,Arrondissement Tielt,be:prov:30000,1977-01-01,,,BE257
be:arr:38000,38000,arrondissement,Arrondissement Veurne,Arrondissement de Furnes,Arrondissement Veurne,be:prov:30000,1977-01-01,,,BE258
be:arr:41000,41000,arrondissement,Arrondissement Aalst,Arrondissement d’Alost,Arrondissement Aalst,be:prov:40000,1977-01-01,,,BE231
be:arr:42000,42000,arrondissement,Arrondissement Dendermonde,Arrondissement de Termonde,Arrondissement Dendermonde,be:prov:40000,1977-01-01,,,BE232
be:arr:43000,43000,arrondissement,Arrondissement Eeklo,Arrondissement d’Eeklo,Arrondissement Eeklo,be:prov:40000,1977-01-01,,,BE233
be:arr:44000,44000,arrondissement,Arrondissement Gent,Arrondissement de Gand,Arrondissement Gent,be:prov:40000,1977-01-01,,,BE234
be:arr:45000,45000,arrondissement,Arrondissement Oudenaarde,Arrondissement d’Audenarde,Arrondissement Oudenaarde,be:prov:40000,1977-01-01,,,BE235
be:arr:46000,46000,arrondissement,Arrondissement Sint-Niklaas,Arrondissement de Saint-Nicolas,Arrondissement Sint-Niklaas,be:prov:40000,1977-01-01,,,BE236
be:arr:51000,51000,arrondissement,Arrondissement Aat,Arrondissement d’Ath,Arrondissement Aat,be:prov:50000,1977-01-01,,,BE32A
be:arr:52000,52000,arrondissement,Arrondissement Charleroi,Arrondissement de Charleroi,Arrondissement Charleroi,be:prov:50000,1977-01-01,,,BE32B
be:arr:53000,53000,arrondissement,Arrondissement Bergen,Arrondissement de Mons,Arrondissement Bergen,be:prov:50000,1977-01-01,,,BE323
be:arr:55000,55000,arrondissement,Arrondissement Zinnik,Arrondissement de Soignies,Arrondissement Zinnik,be:prov:50000,1977-01-01,,,BE32C
be:arr:56000,56000,arrondissement,Arrondissement Thuin,Arrondissement de Thuin,Arrondissement Thuin,be:prov:50000,1977-01-01,,,BE32D
be:arr:57000,57000,arrondissement,Arrondissement Doornik-Moeskroen,Arrondissement de Tournai-Mouscron,Arrondissement Doornik-Moeskroen,be:prov:50000,1977-01-01,,,BE328
be:arr:58000,58000,arrondissement,Arrondissement La Louvière,Arrondissement de La Louvière,Arrondissement La Louvière,be:prov:50000,1977-01-01,,,BE329
be:arr:61000,61000,arrondissement,Arrondissement Hoei,Arrondissement de Huy,Arrondissement Hoei,be:prov:60000,1977-01-01,,,BE331
be:arr:62000,62000,arrondissement,Arrondissement Luik,Arrondissement de Liège,Arrondissement Luik,be:prov:60000,1977-01-01,,,BE332
be:arr:63000,63000,arrondissement,Arrondissement Verviers,Arrondissement de Verviers,Arrondissement Verviers,be:prov:60000,1977-01-01,,,BE336
be:arr:64000,64000,arrondissement,Arrondissement Borgworm,Arrondissement de Waremme,Arrondissement Borgworm,be:prov:60000,1977-01-01,,,BE334
be:arr:71000,71000,arrondissement,Arrondissement Hasselt,Arrondissement de Hasselt,Arrondissement Hasselt,be:prov:70000,1977-01-01,,,BE224
be:arr:72000,72000,arrondissement,Arrondissement Maaseik,Arrondissement de Maaseik,Arrondissement Maaseik,be:prov:70000,1977-01-01,,,BE225
be:arr:73000,73000,arrondissement,Arrondissement Tongeren,Arrondissement de Tongres,Arrondissement Tongeren,be:prov:70000,1977-01-01,,,BE223
be:arr:81000,81000,arrondissement,Arrondissement Aarlen,Arrondissement d’Arlon,Arrondissement Aarlen,be:prov:80000,1977-01-01,,,BE341
be:arr:82000,82000,arrondissement,Arrondissement Bastenaken,Arrondissement de Bastogne,Arrondissement Bastenaken,be:prov:80000,1977-01-01,,,BE342
be:arr:83000,83000,arrondissement,Arrondissement Marche-en-Famenne,Arrondissement de Marche-en-Famenne,Arrondissement Marche-en-Famenne,be:prov:80000,1977-01-01,,,BE343
be:arr:84000,84000,arrondissement,Arrondissement Neufchâteau,Arrondissement de Neufchâteau,Arrondissement Neufchâteau,be:prov:80000,1977-01-01,,,BE344
be:arr:85000,85000,arrondissement,Arrondissement Virton,Arrondissement de Virton,Arrondissement Virton,be:prov:80000,1977-01-01,,,BE345
be:arr:91000,91000,arrondissement,Arrondissement Dinant,Arrondissement de Dinant,Arrondissement Dinant,be:prov:90000,1977-01-01,,,BE351
be:arr:92000,92000,arrondissement,Arrondissement Namen,Arrondissement de Namur,Arrondissement Namen,be:prov:90000,1977-01-01,,,BE352
be:arr:93000,93000,arrondissement,Arrondissement Philippeville,Arrondissement de Philippeville,Arrondissement Philippeville,be:prov:90000,1977-01-01,,,BE353
be:country,01000,country,HET RIJK,ROYAUME,Belgium,,1830-01-01,,,BE
be:mun:11001,11001,municipality,Aartselaar,Aartselaar,Aartselaar,be:arr:11000,1977-01-01,,,BE211
be:mun:11002,11002,municipality,Antwerpen,Anvers,Antwerp,be:arr:11000,1977-01-01,,,BE211
be:mun:11004,11004,municipality,Boechout,Boechout,Boechout,be:arr:11000,1977-01-01,,,BE211
be:mun:11005,11005,municipality,Boom,Boom,Boom,be:arr:11000,1977-01-01,,,BE211
be:mun:11008,11008,municipality,Brasschaat,Brasschaat,Brasschaat,be:arr:11000,1977-01-01,,,BE211
be:mun:11009,11009,municipality,Brecht,Brecht,Brecht,be:arr:11000,1977-01-01,,,BE211
be:mun:11013,11013,municipality,Edegem,Edegem,Edegem,be:arr:11000,1977-01-01,,,BE211
be:mun:11016,11016,municipality,Essen,Essen,Essen,be:arr:11000,1977-01-01,,,BE211
be:mun:11018,11018,municipality,Hemiksem,Hemiksem,Hemiksem,be:arr:11000,1977-01-01,,,BE211
be:mun:11021,11021,municipality,Hove,Hove,Hove,be:arr:11000,1977-01-01,,,BE211
be:mun:11022,11022,municipality,Kalmthout,Kalmthout,Kalmthout,be:arr:11000,1977-01-01,,,BE211
be:mun:11023,11023,municipality,Kapellen,Kapellen,Kapellen,be:arr:11000,1977-01-01,,,BE211
be:mun:11024,11024,municipality,Kontich,Kontich,Kontich,be:arr:11000,1977-01-01,,,BE211
be:mun:11025,11025,municipality,Lint,Lint,Lint,be:arr:11000,1977-01-01,,,BE211
be:mun:11029,11029,municipality,Mortsel,Mortsel,Mortsel,be:arr:11000,1977-01-01,,,BE211
be:mun:11030,11030,municipality,Niel,Niel,Niel,be:arr:11000,1977-01-01,,,BE211
be:mun:11035,11035,municipality,Ranst,Ranst,Ranst,be:arr:11000,1977-01-01,,,BE211
be:mun:11037,11037,municipality,Rumst,Rumst,Rumst,be:arr:11000,1977-01-01,,,BE211
be:mun:11038,11038,municipality,Schelle,Schelle,Schelle,be:arr:11000,1977-01-01,,,BE211
be:mun:11039,11039,municipality,Schilde,Schilde,Schilde,be:arr:11000,1977-01-01,,,BE211
be:mun:11040,11040,municipality,Schoten,Schoten,Schoten,be:arr:11000,1977-01-01,,,BE211
be:mun:11044,11044,municipality,Stabroek,Stabroek,Stabroek,be:arr:11000,1977-01-01,,,BE211
be:mun:11050,11050,municipality,Wijnegem,Wijnegem,Wijnegem,be:arr:11000,1977-01-01,,,BE211
be:mun:11052,11052,municipality,Wommelgem,Wommelgem,Wommelgem,be:arr:11000,1977-01-01,,,BE211
be:mun:11053,11053,municipality,Wuustwezel,Wuustwezel,Wuustwezel,be:arr:11000,1977-01-01,,,BE211
be:mun:11054,11054,municipality,Zandhoven,Zandhoven,Zandhoven,be:arr:11000,1977-01-01,,,BE211
be:mun:11055,11055,municipality,Zoersel,Zoersel,Zoersel,be:arr:11000,1977-01-01,,,BE211
be:mun:11057,11057,municipality,Malle,Malle,Malle,be:arr:11000,1977-01-01,,,BE211
be:mun:12002,12002,municipality,Berlaar,Berlaar,Berlaar,be:arr:12000,1977-01-01,,,BE212
be:mun:12005,12005,municipality,Bonheiden,Bonheiden,Bonheiden,be:arr:12000,1977-01-01,,,BE212
be:mun:12007,12007,municipality,Bornem,Bornem,Bornem,be:arr:12000,1977-01-01,,,BE212
be:mun:12009,12009,municipality,Duffel,Duffel,Duffel,be:arr:12000,1977-01-01,,,BE212
be:mun:12014,12014,municipality,Heist-op-den-Berg,Heist-op-den-Berg,Heist-op-den-Berg,be:arr:12000,1977-01-01,,,BE212
be:mun:12021,12021,municipality,Lier,Lierre,Lier,be:arr:12000,1977-01-01,,,BE212
be:mun:12025,12025,municipality,Mechelen,Malines,Mechelen,be:arr:12000,1977-01-01,,,BE212
be:mun:12026,12026,municipality,Nijlen,Nijlen,Nijlen,be:arr:12000,1977-01-01,,,BE212
be:mun:12029,12029,municipality,Putte,Putte,Putte,be:arr:12000,1977-01-01,,,BE212
be:mun:12035,12035,municipality,Sint-Katelijne-Waver,Sint-Katelijne-Waver,Sint-Katelijne-Waver,be:arr:12000,1977-01-01,,,BE212
be:mun:12040,12040,municipality,Willebroek,Willebroek,Willebroek,be:arr:12000,1977-01-01,,,BE212
be:mun:12041,12041,municipality,Puurs-Sint-Amands,Puurs-Sint-Amands,Puurs-Sint-Amands,be:arr:12000,2019-01-01,,,BE212
be:mun:13001,13001,municipality,Arendonk,Arendonk,Arendonk,be:arr:13000,1977-01-01,,,BE213
be:mun:13002,13002,municipality,Baarle-Hertog,Baerle-Duc,Baarle-Hertog,be:arr:13000,1977-01-01,,,BE213
be:mun:13003,13003,municipality,Balen,Balen,Balen,be:arr:13000,1977-01-01,,,BE213
be:mun:13004,13004,municipality,Beerse,Beerse,Beerse,be:arr:13000,1977-01-01,,,BE213
be:mun:13006,13006,municipality,Dessel,Dessel,Dessel,be:arr:13000,1977-01-01,,,BE213
be:mun:13008,13008,municipality,Geel,Geel,Geel,be:arr:13000,1977-01-01,,,BE213
be:mun:13010,13010,municipality,Grobbendonk,Grobbendonk,Grobbendonk,be:arr:13000,1977-01-01,,,BE213
be:mun:13011,13011,municipality,Herentals,Herentals,Herentals,be:arr:13000,1977-01-01,,,BE213
be:mun:13012,13012,municipality,Herenthout,Herenthout,Herenthout,be:arr:13000,1977-01-01,,,BE213
be:mun:13013,13013,municipality,Herselt,Herselt,Herselt,be:arr:13000,1977-01-01,,,BE213
be:mun:13014,13014,municipality,Hoogstraten,Hoogstraten,Hoogstraten,be:arr:13000,1977-01-01,,,BE213
be:mun:13016,13016,municipality,Hulshout,Hulshout,Hulshout,be:arr:13000,1977-01-01,,,BE213
be:mun:13017,13017,municipality,Kasterlee,Kasterlee,Kasterlee,be:arr:13000,1977-01-01,,,BE213
be:mun:13019,13019,municipality,Lille,Lille,Lille,be:arr:13000,1977-01-01,,,BE213
be:mun:13021,13021,municipality,Meerhout,Meerhout,Meerhout,be:arr:13000,1977-01-01,,,BE213
be:mun:13023,13023,municipality,Merksplas,Merksplas,Merksplas,be:arr:13000,1977-01-01,,,BE213
be:mun:13025,13025,municipality,Mol,Mol,Mol,be:arr:13000,1977-01-01,,,BE213
be:mun:13029,13029,municipality,Olen,Olen,Olen,be:arr:13000,1977-01-01,,,BE213
be:mun:13031,13031,municipality,Oud-Turnhout,Oud-Turnhout,Oud-Turnhout,be:arr:13000,1977-01-01,,,BE213
be:mun:13035,13035,municipality,Ravels,Ravels,Ravels,be:arr:13000,1977-01-01,,,BE213
be:mun:13036,13036,municipality,Retie,Retie,Retie,be:arr:13000,1977-01-01,,,BE213
be:mun:13037,13037,municipality,Rijkevorsel,Rijkevorsel,Rijkevorsel,be:arr:13000,1977-01-01,,,BE213
be:mun:13040,13040,municipality,Turnhout,Turnhout,Turnhout,be:arr:13000,1977-01-01,,,BE213
be:mun:13044,13044,municipality,Vorselaar,Vorselaar,Vorselaar,be:arr:13000,1977-01-01,,,BE213
be:mun:13046,13046,municipality,Vosselaar,Vosselaar,Vosselaar,be:arr:13000,1977-01-01,,,BE213
be:mun:13049,13049,municipality,Westerlo,Westerlo,Westerlo,be:arr:13000,1977-01-01,,,BE213
be:mun:13053,13053,municipality,Laakdal,Laakdal,Laakdal,be:arr:13000,1977-01-01,,,BE213
be:mun:21001,21001,municipality,Anderlecht,Anderlecht,Anderlecht,be:arr:21000,1977-01-01,,,BE100
be:mun:21002,21002,municipality,Oudergem,Auderghem,Auderghem,be:arr:21000,1977-01-01,,,BE100
be:mun:21003,21003,municipality,Sint-Agatha-Berchem,Berchem-Sainte-Agathe,Berchem-Sainte-Agathe,be:arr:21000,1977-01-01,,,BE100
be:mun:21004,21004,municipality,Brussel,Bruxelles,Brussels,be:arr:21000,1977-01-01,,,BE100
be:mun:21005,21005,municipality,Etterbeek,Etterbeek,Etterbeek,be:arr:21000,1977-01-01,,,BE100
be:mun:21006,21006,municipality,Evere,Evere,Evere,be:arr:21000,1977-01-01,,,BE100
be:mun:21007,21007,municipality,Vorst,Forest,Forest,be:arr:21000,1977-01-01,,,BE100
be:mun:21008,21008,municipality,Ganshoren,Ganshoren,Ganshoren,be:arr:21000,1977-01-01,,,BE100
be:mun:21009,21009,municipality,Elsene,Ixelles,Ixelles,be:arr:21000,1977-01-01,,,BE100
be:mun:21010,21010,municipality,Jette,Jette,Jette,be:arr:21000,1977-01-01,,,BE100
be:mun:21011,21011,municipality,Koekelberg,Koekelberg,Koekelberg,be:arr:21000,1977-01-01,,,BE100
be:mun:21012,21012,municipality,Sint-Jans-Molenbeek,Molenbeek-Saint-Jean,Molenbeek-Saint-Jean,be:arr:21000,1977-01-01,,,BE100
be:mun:21013,21013,municipality,Sint-Gillis,Saint-Gilles,Saint-Gilles,be:arr:21000,1977-01-01,,,BE100
be:mun:21014,21014,municipality,Sint-Joost-ten-Node,Saint-Josse-ten-Noode,Saint-Josse-ten-Noode,be:arr:21000,1977-01-01,,,BE100
be:mun:21015,21015,municipality,Schaarbeek,Schaerbeek,Schaerbeek,be:arr:21000,1977-01-01,,,BE100
be:mun:21016,21016,municipality,Ukkel,Uccle,Uccle,be:arr:21000,1977-01-01,,,BE100
be:mun:21017,21017,municipality,Watermaal-Bosvoorde,Watermael-Boitsfort,Watermael-Boitsfort,be:arr:21000,1977-01-01,,,BE100
be:mun:21018,21018,municipality,Sint-Lambrechts-Woluwe,Woluwe-Saint-Lambert,Woluwe-Saint-Lambert,be:arr:21000,1977-01-01,,,BE100
be:mun:21019,21019,municipality,Sint-Pieters-Woluwe,Woluwe-Saint-Pierre,Woluwe-Saint-Pierre,be:arr:21000,1977-01-01,,,BE100
be:mun:23002,23002,municipality,Asse,Asse,Asse,be:arr:23000,1977-01-01,,,BE241
be:mun:23003,23003,municipality,Beersel,Beersel,Beersel,be:arr:23000,1977-01-01,,,BE241
be:mun:23009,23009,municipality,Bever,Biévène,Bever,be:arr:23000,1977-01-01,,,BE241
be:mun:23016,23016,municipality,Dilbeek,Dilbeek,Dilbeek,be:arr:23000,1977-01-01,,,BE241
be:mun:23025,23025,municipality,Grimbergen,Grimbergen,Grimbergen,be:arr:23000,1977-01-01,,,BE241
be:mun:23027,23027,municipality,Halle,Hal,Halle,be:arr:23000,1977-01-01,,,BE241
be:mun:23033,23033,municipality,Hoeilaart,Hoeilaart,Hoeilaart,be:arr:23000,1977-01-01,,,BE241
be:mun:23038,23038,municipality,Kampenhout,Kampenhout,Kampenhout,be:arr:23000,1977-01-01,,,BE241
be:mun:23039,23039,municipality,Kapelle-op-den-Bos,Kapelle-op-den-Bos,Kapelle-op-den-Bos,be:arr:23000,1977-01-01,,,BE241
be:mun:23044,23044,municipality,Liedekerke,Liedekerke,Liedekerke,be:arr:23000,1977-01-01,,,BE241
be:mun:23045,23045,municipality,Londerzeel,Londerzeel,Londerzeel,be:arr:23000,1977-01-01,,,BE241
be:mun:23047,23047,municipality,Machelen,Machelen,Machelen,be:arr:23000,1977-01-01,,,BE241
be:mun:23050,23050,municipality,Meise,Meise,Meise,be:arr:23000,1977-01-01,,,BE241
be:mun:23052,23052,municipality,Merchtem,Merchtem,Merchtem,be:arr:23000,1977-01-01,,,BE241
be:mun:23060,23060,municipality,Opwijk,Opwijk,Opwijk,be:arr:23000,1977-01-01,,,BE241
be:mun:23062,23062,municipality,Overijse,Overijse,Overijse,be:arr:23000,1977-01-01,,,BE241
be:mun:23064,23064,municipality,Pepingen,Pepingen,Pepingen,be:arr:23000,1977-01-01,,,BE241
be:mun:23077,23077,municipality,Sint-Pieters-Leeuw,Sint-Pieters-Leeuw,Sint-Pieters-Leeuw,be:arr:23000,1977-01-01,,,BE241
be:mun:23081,23081,municipality,Steenokkerzeel,Steenokkerzeel,Steenokkerzeel,be:arr:23000,1977-01-01,,,BE241
be:mun:23086,23086,municipality,Ternat,Ternat,Ternat,be:arr:23000,1977-01-01,,,BE241
be:mun:23088,23088,municipality,Vilvoorde,Vilvorde,Vilvoorde,be:arr:23000,1977-01-01,,,BE241
be:mun:23094,23094,municipality,Zaventem,Zaventem,Zaventem,be:arr:23000,1977-01-01,,,BE241
be:mun:23096,23096,municipality,Zemst,Zemst,Zemst,be:arr:23000,1977-01-01,,,BE241
be:mun:23097,23097,municipality,Roosdaal,Roosdaal,Roosdaal,be:arr:23000,1977-01-01,,,BE241
be:mun:23098,23098,municipality,Drogenbos,Drogenbos,Drogenbos,be:arr:23000,1977-01-01,,,BE241
be:mun:23099,23099,municipality,Kraainem,Kraainem,Kraainem,be:arr:23000,1977-01-01,,,BE241
be:mun:23100,23100,municipality,Linkebeek,Linkebeek,Linkebeek,be:arr:23000,1977-01-01,,,BE241
be:mun:23101,23101,municipality,Sint-Genesius-Rode,Rhode-Saint-Genèse,Sint-Genesius-Rode,be:arr:23000,1977-01-01,,,BE241
be:mun:23102,23102,municipality,Wemmel,Wemmel,Wemmel,be:arr:23000,1977-01-01,,,BE241
be:mun:23103,23103,municipality,Wezembeek-Oppem,Wezembeek-Oppem,Wezembeek-Oppem,be:arr:23000,1977-01-01,,,BE241
be:mun:23104,23104,municipality,Lennik,Lennik,Lennik,be:arr:23000,1977-01-01,,,BE241
be:mun:23105,23105,municipality,Affligem,Affligem,Affligem,be:arr:23000,1977-01-01,,,BE241
be:mun:23106,23106,municipality,Pajottegem,Pajottegem,Pajottegem,be:arr:23000,2025-01-01,,,BE241
be:mun:24001,24001,municipality,Aarschot,Aarschot,Aarschot,be:arr:24000,1977-01-01,,,BE242
be:mun:24007,24007,municipality,Begijnendijk,Begijnendijk,Begijnendijk,be:arr:24000,1977-01-01,,,BE242
be:mun:24008,24008,municipality,Bekkevoort,Bekkevoort,Bekkevoort,be:arr:24000,1977-01-01,,,BE242
be:mun:24009,24009,municipality,Bertem,Bertem,Bertem,be:arr:24000,1977-01-01,,,BE242
be:mun:24011,24011,municipality,Bierbeek,Bierbeek,Bierbeek,be:arr:24000,1977-01-01,,,BE242
be:mun:24014,24014,municipality,Boortmeerbeek,Boortmeerbeek,Boortmeerbeek,be:arr:24000,1977-01-01,,,BE242
be:mun:24016,24016,municipality,Boutersem,Boutersem,Boutersem,be:arr:24000,1977-01-01,,,BE242
be:mun:24020,24020,municipality,Diest,Diest,Diest,be:arr:24000,1977-01-01,,,BE242
be:mun:24028,24028,municipality,Geetbets,Geetbets,Geetbets,be:arr:24000,1977-01-01,,,BE242
be:mun:24033,24033,municipality,Haacht,Haacht,Haacht,be:arr:24000,1977-01-01,,,BE242
be:mun:24038,24038,municipality,Herent,Herent,Herent,be:arr:24000,1977-01-01,,,BE242
be:mun:24041,24041,municipality,Hoegaarden,Hoegaarden,Hoegaarden,be:arr:24000,1977-01-01,,,BE242
be:mun:24043,24043,municipality,Holsbeek,Holsbeek,Holsbeek,be:arr:24000,1977-01-01,,,BE242
be:mun:24045,24045,municipality,Huldenberg,Huldenberg,Huldenberg,be:arr:24000,1977-01-01,,,BE242
be:mun:24048,24048,municipality,Keerbergen,Keerbergen,Keerbergen,be:arr:24000,1977-01-01,,,BE242
be:mun:24054,24054,municipality,Kortenaken,Kortenaken,Kortenaken,be:arr:24000,1977-01-01,,,BE242
be:mun:24055,24055,municipality,Kortenberg,Kortenberg,Kortenberg,be:arr:24000,1977-01-01,,,BE242
be:mun:24059,24059,municipality,Landen,Landen,Landen,be:arr:24000,1977-01-01,,,BE242
be:mun:24062,24062,municipality,Leuven,Louvain,Leuven,be:arr:24000,1977-01-01,,,BE242
be:mun:24066,24066,municipality,Lubbeek,Lubbeek,Lubbeek,be:arr:24000,1977-01-01,,,BE242
be:mun:24086,24086,municipality,Oud-Heverlee,Oud-Heverlee,Oud-Heverlee,be:arr:24000,1977-01-01,,,BE242
be:mun:24094,24094,municipality,Rotselaar,Rotselaar,Rotselaar,be:arr:24000,1977-01-01,,,BE242
be:mun:24104,24104,municipality,Tervuren,Tervuren,Tervuren,be:arr:24000,1977-01-01,,,BE242
be:mun:24107,24107,municipality,Tienen,Tirlemont,Tienen,be:arr:24000,1977-01-01,,,BE242
be:mun:24109,24109,municipality,Tremelo,Tremelo,Tremelo,be:arr:24000,1977-01-01,,,BE242
be:mun:24130,24130,municipality,Zoutleeuw,Léau,Zoutleeuw,be:arr:24000,1977-01-01,,,BE242
be:mun:24133,24133,municipality,Linter,Linter,Linter,be:arr:24000,1977-01-01,,,BE242
be:mun:24134,24134,municipality,Scherpenheuvel-Zichem,Montaigu-Zichem,Scherpenheuvel-Zichem,be:arr:24000,1977-01-01,,,BE242
be:mun:24135,24135,municipality,Tielt-Winge,Tielt-Winge,Tielt-Winge,be:arr:24000,1977-01-01,,,BE242
be:mun:24137,24137,municipality,Glabbeek,Glabbeek,Glabbeek,be:arr:24000,1977-01-01,,,BE242
be:mun:25005,25005,municipality,Bevekom,Beauvechain,Beauvechain,be:arr:25000,1977-01-01,,,BE310
be:mun:25014,25014,municipality,Eigenbrakel,Braine-l’Alleud,Braine-l’Alleud,be:arr:25000,1977-01-01,,,BE310
be:mun:25015,25015,municipality,Kasteelbrakel,Braine-le-Château,Braine-le-Château,be:arr:25000,1977-01-01,,,BE310
be:mun:25018,25018,municipality,Chaumont-Gistoux,Chaumont-Gistoux,Chaumont-Gistoux,be:arr:25000,1977-01-01,,,BE310
be:mun:25023,25023,municipality,Court-Saint-Etienne,Court-Saint-Etienne,Court-Saint-Etienne,be:arr:25000,1977-01-01,,,BE310
be:mun:25031,25031,municipality,Genepiën,Genappe,Genappe,be:arr:25000,1977-01-01,,,BE310
be:mun:25037,25037,municipality,Graven,Grez-Doiceau,Grez-Doiceau,be:arr:25000,1977-01-01,,,BE310
be:mun:25043,25043,municipality,Incourt,Incourt,Incourt,be:arr:25000,1977-01-01,,,BE310
be:mun:25044,25044,municipality,Itter,Ittre,Ittre,be:arr:25000,1977-01-01,,,BE310
be:mun:25048,25048,municipality,Geldenaken,Jodoigne,Jodoigne,be:arr:25000,1977-01-01,,,BE310
be:mun:25050,25050,municipality,Terhulpen,La Hulpe,La Hulpe,be:arr:25000,1977-01-01,,,BE310
be:mun:25068,25068,municipality,Mont-Saint-Guibert,Mont-Saint-Guibert,Mont-Saint-Guibert,be:arr:25000,1977-01-01,,,BE310
be:mun:25072,25072,municipality,Nijvel,Nivelles,Nivelles,be:arr:25000,1977-01-01,,,BE310
be:mun:25084,25084,municipality,Perwijs,Perwez,Perwez,be:arr:25000,1977-01-01,,,BE310
be:mun:25091,25091,municipality,Rixensart,Rixensart,Rixensart,be:arr:25000,1977-01-01,,,BE310
be:mun:25105,25105,municipality,Tubeke,Tubize,Tubize,be:arr:25000,1977-01-01,,,BE310
be:mun:25107,25107,municipality,Villers-la-Ville,Villers-la-Ville,Villers-la-Ville,be:arr:25000,1977-01-01,,,BE310
be:mun:25110,25110,municipality,Waterloo,Waterloo,Waterloo,be:arr:25000,1977-01-01,,,BE310
be:mun:25112,25112,municipality,Waver,Wavre,Wavre,be:arr:25000,1977-01-01,,,BE310
be:mun:25117,25117,municipality,Chastre,Chastre,Chastre,be:arr:25000,1977-01-01,,,BE310
be:mun:25118,25118,municipality,Hélécine,Hélécine,Hélécine,be:arr:25000,1977-01-01,,,BE310
be:mun:25119,25119,municipality,Lasne,Lasne,Lasne,be:arr:25000,1977-01-01,,,BE310
be:mun:25120,25120,municipality,Orp-Jauche,Orp-Jauche,Orp-Jauche,be:arr:25000,1977-01-01,,,BE310
be:mun:25121,25121,municipality,Ottignies-Louvain-la-Neuve,Ottignies-Louvain-la-Neuve,Ottignies-Louvain-la-Neuve,be:arr:25000,1977-01-01,,,BE310
be:mun:25122,25122,municipality,Ramillies,Ramillies,Ramillies,be:arr:25000,1977-01-01,,,BE310
be:mun:25123,25123,municipality,Rebecq,Rebecq,Rebecq,be:arr:25000,1977-01-01,,,BE310
be:mun:25124,25124,municipality,Walhain,Walhain,Walhain,be:arr:25000,1977-01-01,,,BE310
be:mun:31003,31003,municipality,Beernem,Beernem,Beernem,be:arr:31000,1977-01-01,,,BE251
be:mun:31004,31004,municipality,Blankenberge,Blankenberge,Blankenberge,be:arr:31000,1977-01-01,,,BE251
be:mun:31005,31005,municipality,Brugge,Bruges,Bruges,be:arr:31000,1977-01-01,,,BE251
be:mun:31006,31006,municipality,Damme,Damme,Damme,be:arr:31000,1977-01-01,,,BE251
be:mun:31012,31012,municipality,Jabbeke,Jabbeke,Jabbeke,be:arr:31000,1977-01-01,,,BE251
be:mun:31022,31022,municipality,Oostkamp,Oostkamp,Oostkamp,be:arr:31000,1977-01-01,,,BE251
be:mun:31033,31033,municipality,Torhout,Torhout,Torhout,be:arr:31000,1977-01-01,,,BE251
be:mun:31040,31040,municipality,Zedelgem,Zedelgem,Zedelgem,be:arr:31000,1977-01-01,,,BE251
be:mun:31042,31042,municipality,Zuienkerke,Zuienkerke,Zuienkerke,be:arr:31000,1977-01-01,,,BE251
be:mun:31043,31043,municipality,Knokke-Heist,Knokke-Heist,Knokke-Heist,be:arr:31000,1977-01-01,,,BE251
be:mun:32003,32003,municipality,Diksmuide,Dixmude,Diksmuide,be:arr:32000,1977-01-01,,,BE252
be:mun:32006,32006,municipality,Houthulst,Houthulst,Houthulst,be:arr:32000,1977-01-01,,,BE252
be:mun:32010,32010,municipality,Koekelare,Koekelare,Koekelare,be:arr:32000,1977-01-01,,,BE252
be:mun:32011,32011,municipality,Kortemark,Kortemark,Kortemark,be:arr:32000,1977-01-01,,,BE252
be:mun:32030,32030,municipality,Lo-Reninge,Lo-Reninge,Lo-Reninge,be:arr:32000,1977-01-01,,,BE252
be:mun:33011,33011,municipality,Ieper,Ypres,Ypres,be:arr:33000,1977-01-01,,,BE253
be:mun:33016,33016,municipality,Mesen,Messines,Mesen,be:arr:33000,1977-01-01,,,BE253
be:mun:33021,33021,municipality,Poperinge,Poperinge,Poperinge,be:arr:33000,1977-01-01,,,BE253
be:mun:33029,33029,municipality,Wervik,Wervik,Wervik,be:arr:33000,1977-01-01,,,BE253
be:mun:33037,33037,municipality,Zonnebeke,Zonnebeke,Zonnebeke,be:arr:33000,1977-01-01,,,BE253
be:mun:33039,33039,municipality,Heuvelland,Heuvelland,Heuvelland,be:arr:33000,1977-01-01,,,BE253
be:mun:33040,33040,municipality,Langemark-Poelkapelle,Langemark-Poelkapelle,Langemark-Poelkapelle,be:arr:33000,1977-01-01,,,BE253
be:mun:33041,33041,municipality,Vleteren,Vleteren,Vleteren,be:arr:33000,1977-01-01,,,BE253
be:mun:34002,34002,municipality,Anzegem,Anzegem,Anzegem,be:arr:34000,1977-01-01,,,BE254
be:mun:34003,34003,municipality,Avelgem,Avelgem,Avelgem,be:arr:34000,1977-01-01,,,BE254
be:mun:34009,34009,municipality,Deerlijk,Deerlijk,Deerlijk,be:arr:34000,1977-01-01,,,BE254
be:mun:34013,34013,municipality,Harelbeke,Harelbeke,Harelbeke,be:arr:34000,1977-01-01,,,BE254
be:mun:34022,34022,municipality,Kortrijk,Courtrai,Kortrijk,be:arr:34000,1977-01-01,,,BE254
be:mun:34023,34023,municipality,Kuurne,Kuurne,Kuurne,be:arr:34000,1977-01-01,,,BE254
be:mun:34025,34025,municipality,Lendelede,Lendelede,Lendelede,be:arr:34000,1977-01-01,,,BE254
be:mun:34027,34027,municipality,Menen,Menin,Menen,be:arr:34000,1977-01-01,,,BE254
be:mun:34040,34040,municipality,Waregem,Waregem,Waregem,be:arr:34000,1977-01-01,,,BE254
be:mun:34041,34041,municipality,Wevelgem,Wevelgem,Wevelgem,be:arr:34000,1977-01-01,,,BE254
be:mun:34042,34042,municipality,Zwevegem,Zwevegem,Zwevegem,be:arr:34000,1977-01-01,,,BE254
be:mun:34043,34043,municipality,Spiere-Helkijn,Espierres-Helchin,Spiere-Helkijn,be:arr:34000,1977-01-01,,,BE254
be:mun:35002,35002,municipality,Bredene,Bredene,Bredene,be:arr:35000,1977-01-01,,,BE255
be:mun:35005,35005,municipality,Gistel,Gistel,Gistel,be:arr:35000,1977-01-01,,,BE255
be:mun:35006,35006,municipality,Ichtegem,Ichtegem,Ichtegem,be:arr:35000,1977-01-01,,,BE255
be:mun:35011,35011,municipality,Middelkerke,Middelkerke,Middelkerke,be:arr:35000,1977-01-01,,,BE255
be:mun:35013,35013,municipality,Oostende,Ostende,Ostend,be:arr:35000,1977-01-01,,,BE255
be:mun:35014,35014,municipality,Oudenburg,Oudenburg,Oudenburg,be:arr:35000,1977-01-01,,,BE255
be:mun:35029,35029,municipality,De Haan,De Haan,De Haan,be:arr:35000,1977-01-01,,,BE255
be:mun:36006,36006,municipality,Hooglede,Hooglede,Hooglede,be:arr:36000,1977-01-01,,,BE256
be:mun:36007,36007,municipality,Ingelmunster,Ingelmunster,Ingelmunster,be:arr:36000,1977-01-01,,,BE256
be:mun:36008,36008,municipality,Izegem,Izegem,Izegem,be:arr:36000,1977-01-01,,,BE256
be:mun:36010,36010,municipality,Ledegem,Ledegem,Ledegem,be:arr:36000,1977-01-01,,,BE256
be:mun:36011,36011,municipality,Lichtervelde,Lichtervelde,Lichtervelde,be:arr:36000,1977-01-01,,,BE256
be:mun:36012,36012,municipality,Moorslede,Moorslede,Moorslede,be:arr:36000,1977-01-01,,,BE256
be:mun:36015,36015,municipality,Roeselare,Roulers,Roeselare,be:arr:36000,1977-01-01,,,BE256
be:mun:36019,36019,municipality,Staden,Staden,Staden,be:arr:36000,1977-01-01,,,BE256
be:mun:37002,37002,municipality,Dentergem,Dentergem,Dentergem,be:arr:37000,1977-01-01,,,BE257
be:mun:37010,37010,municipality,Oostrozebeke,Oostrozebeke,Oostrozebeke,be:arr:37000,1977-01-01,,,BE257
be:mun:37011,37011,municipality,Pittem,Pittem,Pittem,be:arr:37000,1977-01-01,,,BE257
be:mun:37017,37017,municipality,Wielsbeke,Wielsbeke,Wielsbeke,be:arr:37000,1977-01-01,,,BE257
be:mun:37020,37020,municipality,Ardooie,Ardooie,Ardooie,be:arr:37000,1977-01-01,,,BE257
be:mun:37021,37021,municipality,Wingene,Wingene,Wingene,be:arr:37000,2025-01-01,,,BE257
be:mun:37022,37022,municipality,Tielt,Tielt,Tielt,be:arr:37000,2025-01-01,,,BE257
be:mun:38002,38002,municipality,Alveringem,Alveringem,Alveringem,be:arr:38000,1977-01-01,,,BE258
be:mun:38008,38008,municipality,De Panne,La Panne,De Panne,be:arr:38000,1977-01-01,,,BE258
be:mun:38014,38014,municipality,Koksijde,Koksijde,Koksijde,be:arr:38000,1977-01-01,,,BE258
be:mun:38016,38016,municipality,Nieuwpoort,Nieuport,Nieuwpoort,be:arr:38000,1977-01-01,,,BE258
be:mun:38025,38025,municipality,Veurne,Furnes,Veurne,be:arr:38000,1977-01-01,,,BE258
be:mun:41002,41002,municipality,Aalst,Alost,Aalst,be:arr:41000,1977-01-01,,,BE231
be:mun:41011,41011,municipality,Denderleeuw,Denderleeuw,Denderleeuw,be:arr:41000,1977-01-01,,,BE231
be:mun:41018,41018,municipality,Geraardsbergen,Grammont,Geraardsbergen,be:arr:41000,1977-01-01,,,BE231
be:mun:41024,41024,municipality,Haaltert,Haaltert,Haaltert,be:arr:41000,1977-01-01,,,BE231
be:mun:41027,41027,municipality,Herzele,Herzele,Herzele,be:arr:41000,1977-01-01,,,BE231
be:mun:41034,41034,municipality,Lede,Lede,Lede,be:arr:41000,1977-01-01,,,BE231
be:mun:41048,41048,municipality,Ninove,Ninove,Ninove,be:arr:41000,1977-01-01,,,BE231
be:mun:41063,41063,municipality,Sint-Lievens-Houtem,Sint-Lievens-Houtem,Sint-Lievens-Houtem,be:arr:41000,1977-01-01,,,BE231
be:mun:41081,41081,municipality,Zottegem,Zottegem,Zottegem,be:arr:41000,1977-01-01,,,BE231
be:mun:41082,41082,municipality,Erpe-Mere,Erpe-Mere,Erpe-Mere,be:arr:41000,1977-01-01,,,BE231
be:mun:42003,42003,municipality,Berlare,Berlare,Berlare,be:arr:42000,1977-01-01,,,BE232
be:mun:42004,42004,municipality,Buggenhout,Buggenhout,Buggenhout,be:arr:42000,1977-01-01,,,BE232
be:mun:42006,42006,municipality,Dendermonde,Termonde,Dendermonde,be:arr:42000,1977-01-01,,,BE232
be:mun:42008,42008,municipality,Hamme,Hamme,Hamme,be:arr:42000,1977-01-01,,,BE232
be:mun:42010,42010,municipality,Laarne,Laarne,Laarne,be:arr:42000,1977-01-01,,,BE232
be:mun:42011,42011,municipality,Lebbeke,Lebbeke,Lebbeke,be:arr:42000,1977-01-01,,,BE232
be:mun:42023,42023,municipality,Waasmunster,Waasmunster,Waasmunster,be:arr:42000,1977-01-01,,,BE232
be:mun:42025,42025,municipality,Wetteren,Wetteren,Wetteren,be:arr:42000,1977-01-01,,,BE232
be:mun:42026,42026,municipality,Wichelen,Wichelen,Wichelen,be:arr:42000,1977-01-01,,,BE232
be:mun:42028,42028,municipality,Zele,Zele,Zele,be:arr:42000,1977-01-01,,,BE232
be:mun:43002,43002,municipality,Assenede,Assenede,Assenede,be:arr:43000,1977-01-01,,,BE233
be:mun:43005,43005,municipality,Eeklo,Eeklo,Eeklo,be:arr:43000,1977-01-01,,,BE233
be:mun:43007,43007,municipality,Kaprijke,Kaprijke,Kaprijke,be:arr:43000,1977-01-01,,,BE233
be:mun:43010,43010,municipality,Maldegem,Maldegem,Maldegem,be:arr:43000,1977-01-01,,,BE233
be:mun:43014,43014,municipality,Sint-Laureins,Sint-Laureins,Sint-Laureins,be:arr:43000,1977-01-01,,,BE233
be:mun:43018,43018,municipality,Zelzate,Zelzate,Zelzate,be:arr:43000,1977-01-01,,,BE233
be:mun:44013,44013,municipality,Destelbergen,Destelbergen,Destelbergen,be:arr:44000,1977-01-01,,,BE234
be:mun:44019,44019,municipality,Evergem,Evergem,Evergem,be:arr:44000,1977-01-01,,,BE234
be:mun:44020,44020,municipality,Gavere,Gavere,Gavere,be:arr:44000,1977-01-01,,,BE234
be:mun:44021,44021,municipality,Gent,Gand,Ghent,be:arr:44000,1977-01-01,,,BE234
be:mun:44052,44052,municipality,Oosterzele,Oosterzele,Oosterzele,be:arr:44000,1977-01-01,,,BE234
be:mun:44064,44064,municipality,Sint-Martens-Latem,Sint-Martens-Latem,Sint-Martens-Latem,be:arr:44000,1977-01-01,,,BE234
be:mun:44081,44081,municipality,Zulte,Zulte,Zulte,be:arr:44000,1977-01-01,,,BE234
be:mun:44083,44083,municipality,Deinze,Deinze,Deinze,be:arr:44000,2019-01-01,,,BE234
be:mun:44084,44084,municipality,Aalter,Aalter,Aalter,be:arr:44000,2019-01-01,,,BE234
be:mun:44085,44085,municipality,Lievegem,Lievegem,Lievegem,be:arr:44000,2019-01-01,,,BE234
be:mun:44086,44086,municipality,Nazareth-De Pinte,Nazareth-De Pinte,Nazareth-De Pinte,be:arr:44000,2025-01-01,,,BE234
be:mun:44087,44087,municipality,Lochristi,Lochristi,Lochristi,be:arr:44000,2025-01-01,,,BE234
be:mun:44088,44088,municipality,Merelbeke-Melle,Merelbeke-Melle,Merelbeke-Melle,be:arr:44000,2025-01-01,,,BE234
be:mun:45035,45035,municipality,Oudenaarde,Audenarde,Oudenaarde,be:arr:45000,1977-01-01,,,BE235
be:mun:45041,45041,municipality,Ronse,Renaix,Ronse,be:arr:45000,1977-01-01,,,BE235
be:mun:45059,45059,municipality,Brakel,Brakel,Brakel,be:arr:45000,1977-01-01,,,BE235
be:mun:45060,45060,municipality,Kluisbergen,Kluisbergen,Kluisbergen,be:arr:45000,1977-01-01,,,BE235
be:mun:45061,45061,municipality,Wortegem-Petegem,Wortegem-Petegem,Wortegem-Petegem,be:arr:45000,1977-01-01,,,BE235
be:mun:45062,45062,municipality,Horebeke,Horebeke,Horebeke,be:arr:45000,1977-01-01,,,BE235
be:mun:45063,45063,municipality,Lierde,Lierde,Lierde,be:arr:45000,1977-01-01,,,BE235
be:mun:45064,45064,municipality,Maarkedal,Maarkedal,Maarkedal,be:arr:45000,1977-01-01,,,BE235
be:mun:45065,45065,municipality,Zwalm,Zwalin,Zwalm,be:arr:45000,1977-01-01,,,BE235
be:mun:45068,45068,municipality,Kruisem,Kruisem,Kruisem,be:arr:45000,2019-01-01,,,BE235
be:mun:46020,46020,municipality,Sint-Gillis-Waas,Sint-Gillis-Waas,Sint-Gillis-Waas,be:arr:46000,1977-01-01,,,BE236
be:mun:46021,46021,municipality,Sint-Niklaas,Saint-Nicolas,Sint-Niklaas,be:arr:46000,1977-01-01,,,BE236
be:mun:46024,46024,municipality,Stekene,Stekene,Stekene,be:arr:46000,1977-01-01,,,BE236
be:mun:46025,46025,municipality,Temse,Tamise,Temse,be:arr:46000,1977-01-01,,,BE236
be:mun:46029,46029,municipality,Lokeren,Lokeren,Lokeren,be:arr:46000,2025-01-01,,,BE236
be:mun:46030,46030,municipality,Beveren-Kruibeke-Zwijndrecht,Beveren-Kruibeke-Zwijndrecht,Beveren-Kruibeke-Zwijndrecht,be:arr:46000,2025-01-01,,,BE236
be:mun:51004,51004,municipality,Aat,Ath,Ath,be:arr:51000,1977-01-01,,,BE32A
be:mun:51008,51008,municipality,Beloeil,Beloeil,Beloeil,be:arr:51000,1977-01-01,,,BE32A
be:mun:51009,51009,municipality,Bernissart,Bernissart,Bernissart,be:arr:51000,1977-01-01,,,BE32A
be:mun:51012,51012,municipality,Brugelette,Brugelette,Brugelette,be:arr:51000,1977-01-01,,,BE32A
be:mun:51014,51014,municipality,Chièvres,Chièvres,Chièvres,be:arr:51000,1977-01-01,,,BE32A
be:mun:51017,51017,municipality,Elzele,Ellezelles,Ellezelles,be:arr:51000,1977-01-01,,,BE32A
be:mun:51019,51019,municipality,Vloesberg,Flobecq,Flobecq,be:arr:51000,1977-01-01,,,BE32A
be:mun:51065,51065,municipality,Frasnes-lez-Anvaing,Frasnes-lez-Anvaing,Frasnes-lez-Anvaing,be:arr:51000,1977-01-01,,,BE32A
be:mun:51067,51067,municipality,Edingen,Enghien,Enghien,be:arr:51000,2019-01-01,,,BE32A
be:mun:51068,51068,municipality,Opzullik,Silly,Silly,be:arr:51000,2019-01-01,,,BE32A
be:mun:51069,51069,municipality,Lessen,Lessines,Lessines,be:arr:51000,2019-01-01,,,BE32A
be:mun:52010,52010,municipality,Chapelle-lez-Herlaimont,Chapelle-lez-Herlaimont,Chapelle-lez-Herlaimont,be:arr:52000,1977-01-01,,,BE32B
be:mun:52011,52011,municipality,Charleroi,Charleroi,Charleroi,be:arr:52000,1977-01-01,,,BE32B
be:mun:52012,52012,municipality,Châtelet,Châtelet,Châtelet,be:arr:52000,1977-01-01,,,BE32B
be:mun:52015,52015,municipality,Courcelles,Courcelles,Courcelles,be:arr:52000,1977-01-01,,,BE32B
be:mun:52018,52018,municipality,Farciennes,Farciennes,Farciennes,be:arr:52000,1977-01-01,,,BE32B
be:mun:52021,52021,municipality,Fleurus,Fleurus,Fleurus,be:arr:52000,1977-01-01,,,BE32B
be:mun:52022,52022,municipality,Fontaine-l’Evêque,Fontaine-l’Evêque,Fontaine-l’Evêque,be:arr:52000,1977-01-01,,,BE32B
be:mun:52025,52025,municipality,Gerpinnes,Gerpinnes,Gerpinnes,be:arr:52000,1977-01-01,,,BE32B
be:mun:52048,52048,municipality,Montigny-le-Tilleul,Montigny-le-Tilleul,Montigny-le-Tilleul,be:arr:52000,1977-01-01,,,BE32B
be:mun:52055,52055,municipality,Pont-à-Celles,Pont-à-Celles,Pont-à-Celles,be:arr:52000,1977-01-01,,,BE32B
be:mun:52074,52074,municipality,Aiseau-Presles,Aiseau-Presles,Aiseau-Presles,be:arr:52000,1977-01-01,,,BE32B
be:mun:52075,52075,municipality,Les Bons Villers,Les Bons Villers,Les Bons Villers,be:arr:52000,1977-01-01,,,BE32B
be:mun:53014,53014,municipality,Boussu,Boussu,Boussu,be:arr:53000,1977-01-01,,,BE323
be:mun:53020,53020,municipality,Dour,Dour,Dour,be:arr:53000,1977-01-01,,,BE323
be:mun:53028,53028,municipality,Frameries,Frameries,Frameries,be:arr:53000,1977-01-01,,,BE323
be:mun:53039,53039,municipality,Hensies,Hensies,Hensies,be:arr:53000,1977-01-01,,,BE323
be:mun:53044,53044,municipality,Jurbeke,Jurbise,Jurbise,be:arr:53000,1977-01-01,,,BE323
be:mun:53046,53046,municipality,Lens,Lens,Lens,be:arr:53000,1977-01-01,,,BE323
be:mun:53053,53053,municipality,Bergen,Mons,Mons,be:arr:53000,1977-01-01,,,BE323
be:mun:53065,53065,municipality,Quaregnon,Quaregnon,Quaregnon,be:arr:53000,1977-01-01,,,BE323
be:mun:53068,53068,municipality,Quiévrain,Quiévrain,Quiévrain,be:arr:53000,1977-01-01,,,BE323
be:mun:53070,53070,municipality,Saint-Ghislain,Saint-Ghislain,Saint-Ghislain,be:arr:53000,1977-01-01,,,BE323
be:mun:53082,53082,municipality,Colfontaine,Colfontaine,Colfontaine,be:arr:53000,1977-01-01,,,BE323
be:mun:53083,53083,municipality,Honnelles,Honnelles,Honnelles,be:arr:53000,1977-01-01,,,BE323
be:mun:53084,53084,municipality,Quévy,Quévy,Quévy,be:arr:53000,1977-01-01,,,BE323
be:mun:55004,55004,municipality,’s Gravenbrakel,Braine-le-Comte,Braine-le-Comte,be:arr:55000,1977-01-01,,,BE32C
be:mun:55035,55035,municipality,Le Roeulx,Le Roeulx,Le Roeulx,be:arr:55000,1977-01-01,,,BE32C
be:mun:55040,55040,municipality,Zinnik,Soignies,Soignies,be:arr:55000,1977-01-01,,,BE32C
be:mun:55050,55050,municipality,Ecaussinnes,Ecaussinnes,Ecaussinnes,be:arr:55000,1977-01-01,,,BE32C
be:mun:55085,55085,municipality,Seneffe,Seneffe,Seneffe,be:arr:55000,2019-01-01,,,BE32C
be:mun:55086,55086,municipality,Manage,Manage,Manage,be:arr:55000,2019-01-01,,,BE32C
be:mun:56001,56001,municipality,Anderlues,Anderlues,Anderlues,be:arr:56000,1977-01-01,,,BE32D
be:mun:56005,56005,municipality,Beaumont,Beaumont,Beaumont,be:arr:56000,1977-01-01,,,BE32D
be:mun:56016,56016,municipality,Chimay,Chimay,Chimay,be:arr:56000,1977-01-01,,,BE32D
be:mun:56022,56022,municipality,Erquelinnes,Erquelinnes,Erquelinnes,be:arr:56000,1977-01-01,,,BE32D
be:mun:56029,56029,municipality,Froidchapelle,Froidchapelle,Froidchapelle,be:arr:56000,1977-01-01,,,BE32D
be:mun:56044,56044,municipality,Lobbes,Lobbes,Lobbes,be:arr:56000,1977-01-01,,,BE32D
be:mun:56049,56049,municipality,Merbes-le-Château,Merbes-le-Château,Merbes-le-Château,be:arr:56000,1977-01-01,,,BE32D
be:mun:56051,56051,municipality,Momignies,Momignies,Momignies,be:arr:56000,1977-01-01,,,BE32D
be:mun:56078,56078,municipality,Thuin,Thuin,Thuin,be:arr:56000,1977-01-01,,,BE32D
be:mun:56086,56086,municipality,Ham-sur-Heure-Nalinnes,Ham-sur-Heure-Nalinnes,Ham-sur-Heure-Nalinnes,be:arr:56000,1977-01-01,,,BE32D
be:mun:56088,56088,municipality,Sivry-Rance,Sivry-Rance,Sivry-Rance,be:arr:56000,1977-01-01,,,BE32D
be:mun:57003,57003,municipality,Antoing,Antoing,Antoing,be:arr:57000,1977-01-01,,,BE328
be:mun:57018,57018,municipality,Celles,Celles,Celles,be:arr:57000,1977-01-01,,,BE328
be:mun:57027,57027,municipality,Estaimpuis,Estaimpuis,Estaimpuis,be:arr:57000,1977-01-01,,,BE328
be:mun:57062,57062,municipality,Pecq,Pecq,Pecq,be:arr:57000,1977-01-01,,,BE328
be:mun:57064,57064,municipality,Péruwelz,Péruwelz,Péruwelz,be:arr:57000,1977-01-01,,,BE328
be:mun:57072,57072,municipality,Rumes,Rumes,Rumes,be:arr:57000,1977-01-01,,,BE328
be:mun:57081,57081,municipality,Doornik,Tournai,Tournai,be:arr:57000,1977-01-01,,,BE328
be:mun:57093,57093,municipality,Brunehaut,Brunehaut,Brunehaut,be:arr:57000,1977-01-01,,,BE328
be:mun:57094,57094,municipality,Leuze-en-Hainaut,Leuze-en-Hainaut,Leuze-en-Hainaut,be:arr:57000,1977-01-01,,,BE328
be:mun:57095,57095,municipality,Mont-de-l’Enclus,Mont-de-l’Enclus,Mont-de-l’Enclus,be:arr:57000,1977-01-01,,,BE328
be:mun:57096,57096,municipality,Moeskroen,Mouscron,Mouscron,be:arr:57000,2019-01-01,,,BE328
be:mun:57097,57097,municipality,Komen-Waasten,Comines-Warneton,Comines-Warneton,be:arr:57000,2019-01-01,,,BE328
be:mun:58001,58001,municipality,La Louvière,La Louvière,La Louvière,be:arr:58000,2019-01-01,,,BE329
be:mun:58002,58002,municipality,Binche,Binche,Binche,be:arr:58000,2019-01-01,,,BE329
be:mun:58003,58003,municipality,Estinnes,Estinnes,Estinnes,be:arr:58000,2019-01-01,,,BE329
be:mun:58004,58004,municipality,Morlanwelz,Morlanwelz,Morlanwelz,be:arr:58000,2019-01-01,,,BE329
be:mun:61003,61003,municipality,Amay,Amay,Amay,be:arr:61000,1977-01-01,,,BE331
be:mun:61010,61010,municipality,Burdinne,Burdinne,Burdinne,be:arr:61000,1977-01-01,,,BE331
be:mun:61012,61012,municipality,Clavier,Clavier,Clavier,be:arr:61000,1977-01-01,,,BE331
be:mun:61019,61019,municipality,Ferrières,Ferrières,Ferrières,be:arr:61000,1977-01-01,,,BE331
be:mun:61024,61024,municipality,Hamoir,Hamoir,Hamoir,be:arr:61000,1977-01-01,,,BE331
be:mun:61028,61028,municipality,Héron,Héron,Héron,be:arr:61000,1977-01-01,,,BE331
be:mun:61031,61031,municipality,Hoei,Huy,Huy,be:arr:61000,1977-01-01,,,BE331
be:mun:61039,61039,municipality,Marchin,Marchin,Marchin,be:arr:61000,1977-01-01,,,BE331
be:mun:61041,61041,municipality,Modave,Modave,Modave,be:arr:61000,1977-01-01,,,BE331
be:mun:61043,61043,municipality,Nandrin,Nandrin,Nandrin,be:arr:61000,1977-01-01,,,BE331
be:mun:61048,61048,municipality,Ouffet,Ouffet,Ouffet,be:arr:61000,1977-01-01,,,BE331
be:mun:61063,61063,municipality,Verlaine,Verlaine,Verlaine,be:arr:61000,1977-01-01,,,BE331
be:mun:61068,61068,municipality,Villers-Le-Bouillet,Villers-Le-Bouillet,Villers-Le-Bouillet,be:arr:61000,1977-01-01,,,BE331
be:mun:61072,61072,municipality,Wanze,Wanze,Wanze,be:arr:61000,1977-01-01,,,BE331
be:mun:61079,61079,municipality,Anthisnes,Anthisnes,Anthisnes,be:arr:61000,1977-01-01,,,BE331
be:mun:61080,61080,municipality,Engis,Engis,Engis,be:arr:61000,1977-01-01,,,BE331
be:mun:61081,61081,municipality,Tinlot,Tinlot,Tinlot,be:arr:61000,1977-01-01,,,BE331
be:mun:62003,62003,municipality,Ans,Ans,Ans,be:arr:62000,1977-01-01,,,BE332
be:mun:62006,62006,municipality,Awans,Awans,Awans,be:arr:62000,1977-01-01,,,BE332
be:mun:62009,62009,municipality,Aywaille,Aywaille,Aywaille,be:arr:62000,1977-01-01,,,BE332
be:mun:62011,62011,municipality,Bitsingen,Bassenge,Bassenge,be:arr:62000,1977-01-01,,,BE332
be:mun:62015,62015,municipality,Beyne-Heusay,Beyne-Heusay,Beyne-Heusay,be:arr:62000,1977-01-01,,,BE332
be:mun:62022,62022,municipality,Chaudfontaine,Chaudfontaine,Chaudfontaine,be:arr:62000,1977-01-01,,,BE332
be:mun:62026,62026,municipality,Comblain-au-Pont,Comblain-au-Pont,Comblain-au-Pont,be:arr:62000,1977-01-01,,,BE332
be:mun:62027,62027,municipality,Dalhem,Dalhem,Dalhem,be:arr:62000,1977-01-01,,,BE332
be:mun:62032,62032,municipality,Esneux,Esneux,Esneux,be:arr:62000,1977-01-01,,,BE332
be:mun:62038,62038,municipality,Fléron,Fléron,Fléron,be:arr:62000,1977-01-01,,,BE332
be:mun:62051,62051,municipality,Herstal,Herstal,Herstal,be:arr:62000,1977-01-01,,,BE332
be:mun:62060,62060,municipality,Juprelle,Juprelle,Juprelle,be:arr:62000,1977-01-01,,,BE332
be:mun:62063,62063,municipality,Luik,Liège,Liège,be:arr:62000,1977-01-01,,,BE332
be:mun:62079,62079,municipality,Oupeye,Oupeye,Oupeye,be:arr:62000,1977-01-01,,,BE332
be:mun:62093,62093,municipality,Saint-Nicolas,Saint-Nicolas,Saint-Nicolas,be:arr:62000,1977-01-01,,,BE332
be:mun:62096,62096,municipality,Seraing,Seraing,Seraing,be:arr:62000,1977-01-01,,,BE332
be:mun:62099,62099,municipality,Soumagne,Soumagne,Soumagne,be:arr:62000,1977-01-01,,,BE332
be:mun:62100,62100,municipality,Sprimont,Sprimont,Sprimont,be:arr:62000,1977-01-01,,,BE332
be:mun:62108,62108,municipality,Wezet,Visé,Visé,be:arr:62000,1977-01-01,,,BE332
be:mun:62118,62118,municipality,Grâce-Hollogne,Grâce-Hollogne,Grâce-Hollogne,be:arr:62000,1977-01-01,,,BE332
be:mun:62119,62119,municipality,Blegny,Blegny,Blegny,be:arr:62000,1977-01-01,,,BE332
be:mun:62120,62120,municipality,Flémalle,Flémalle,Flémalle,be:arr:62000,1977-01-01,,,BE332
be:mun:62121,62121,municipality,Neupré,Neupré,Neupré,be:arr:62000,1977-01-01,,,BE332
be:mun:62122,62122,municipality,Trooz,Trooz,Trooz,be:arr:62000,1977-01-01,,,BE332
be:mun:63001,63001,municipality,Amel,Amblève,Amel,be:arr:63000,1977-01-01,,,BE336
be:mun:63003,63003,municipality,Aubel,Aubel,Aubel,be:arr:63000,1977-01-01,,,BE336
be:mun:63004,63004,municipality,Baelen,Baelen,Baelen,be:arr:63000,1977-01-01,,,BE336
be:mun:63012,63012,municipality,Büllingen,Bullange,Büllingen,be:arr:63000,1977-01-01,,,BE336
be:mun:63013,63013,municipality,Bütgenbach,Butgenbach,Bütgenbach,be:arr:63000,1977-01-01,,,BE336
be:mun:63020,63020,municipality,Dison,Dison,Dison,be:arr:63000,1977-01-01,,,BE336
be:mun:63023,63023,municipality,Eupen,Eupen,Eupen,be:arr:63000,1977-01-01,,,BE336
be:mun:63035,63035,municipality,Herve,Herve,Herve,be:arr:63000,1977-01-01,,,BE336
be:mun:63038,63038,municipality,Jalhay,Jalhay,Jalhay,be:arr:63000,1977-01-01,,,BE336
be:mun:63040,63040,municipality,Kelmis,La Calamine,Kelmis,be:arr:63000,1977-01-01,,,BE336
be:mun:63045,63045,municipality,Lierneux,Lierneux,Lierneux,be:arr:63000,1977-01-01,,,BE336
be:mun:63046,63046,municipality,Limburg,Limbourg,Limbourg,be:arr:63000,1977-01-01,,,BE336
be:mun:63048,63048,municipality,Lontzen,Lontzen,Lontzen,be:arr:63000,1977-01-01,,,BE336
be:mun:63049,63049,municipality,Malmedy,Malmedy,Malmedy,be:arr:63000,1977-01-01,,,BE336
be:mun:63057,63057,municipality,Olne,Olne,Olne,be:arr:63000,1977-01-01,,,BE336
be:mun:63058,63058,municipality,Pepinster,Pepinster,Pepinster,be:arr:63000,1977-01-01,,,BE336
be:mun:63061,63061,municipality,Raeren,Raeren,Raeren,be:arr:63000,1977-01-01,,,BE336
be:mun:63067,63067,municipality,Sankt Vith,Saint-Vith,Sankt Vith,be:arr:63000,1977-01-01,,,BE336
be:mun:63072,63072,municipality,Spa,Spa,Spa,be:arr:63000,1977-01-01,,,BE336
be:mun:63073,63073,municipality,Stavelot,Stavelot,Stavelot,be:arr:63000,1977-01-01,,,BE336
be:mun:63075,63075,municipality,Stoumont,Stoumont,Stoumont,be:arr:63000,1977-01-01,,,BE336
be:mun:63076,63076,municipality,Theux,Theux,Theux,be:arr:63000,1977-01-01,,,BE336
be:mun:63079,63079,municipality,Verviers,Verviers,Verviers,be:arr:63000,1977-01-01,,,BE336
be:mun:63080,63080,municipality,Weismes,Waimes,Waimes,be:arr:63000,1977-01-01,,,BE336
be:mun:63084,63084,municipality,Welkenraedt,Welkenraedt,Welkenraedt,be:arr:63000,1977-01-01,,,BE336
be:mun:63086,63086,municipality,Trois-Ponts,Trois-Ponts,Trois-Ponts,be:arr:63000,1977-01-01,,,BE336
be:mun:63087,63087,municipality,Burg-Reuland,Burg-Reuland,Burg-Reuland,be:arr:63000,1977-01-01,,,BE336
be:mun:63088,63088,municipality,Plombières,Plombières,Plombières,be:arr:63000,1977-01-01,,,BE336
be:mun:63089,63089,municipality,Thimister-Clermont,Thimister-Clermont,Thimister-Clermont,be:arr:63000,1977-01-01,,,BE336
be:mun:64008,64008,municipality,Berloz,Berloz,Berloz,be:arr:64000,1977-01-01,,,BE334
be:mun:64015,64015,municipality,Braives,Braives,Braives,be:arr:64000,1977-01-01,,,BE334
be:mun:64021,64021,municipality,Crisnée,Crisnée,Crisnée,be:arr:64000,1977-01-01,,,BE334
be:mun:64023,64023,municipality,Donceel,Donceel,Donceel,be:arr:64000,1977-01-01,,,BE334
be:mun:64025,64025,municipality,Fexhe-le-Haut-Clocher,Fexhe-le-Haut-Clocher,Fexhe-le-Haut-Clocher,be:arr:64000,1977-01-01,,,BE334
be:mun:64029,64029,municipality,Geer,Geer,Geer,be:arr:64000,1977-01-01,,,BE334
be:mun:64034,64034,municipality,Hannuit,Hannut,Hannut,be:arr:64000,1977-01-01,,,BE334
be:mun:64047,64047,municipality,Lijsem,Lincent,Lincent,be:arr:64000,1977-01-01,,,BE334
be:mun:64056,64056,municipality,Oerle,Oreye,Oreye,be:arr:64000,1977-01-01,,,BE334
be:mun:64063,64063,municipality,Remicourt,Remicourt,Remicourt,be:arr:64000,1977-01-01,,,BE334
be:mun:64065,64065,municipality,Saint-Georges-sur-Meuse,Saint-Georges-sur-Meuse,Saint-Georges-sur-Meuse,be:arr:64000,1977-01-01,,,BE334
be:mun:64074,64074,municipality,Borgworm,Waremme,Waremme,be:arr:64000,1977-01-01,,,BE334
be:mun:64075,64075,municipality,Wasseiges,Wasseiges,Wasseiges,be:arr:64000,1977-01-01,,,BE334
be:mun:64076,64076,municipality,Faimes,Faimes,Faimes,be:arr:64000,1977-01-01,,,BE334
be:mun:71002,71002,municipality,As,As,As,be:arr:71000,1977-01-01,,,BE224
be:mun:71004,71004,municipality,Beringen,Beringen,Beringen,be:arr:71000,1977-01-01,,,BE224
be:mun:71011,71011,municipality,Diepenbeek,Diepenbeek,Diepenbeek,be:arr:71000,1977-01-01,,,BE224
be:mun:71016,71016,municipality,Genk,Genk,Genk,be:arr:71000,1977-01-01,,,BE224
be:mun:71017,71017,municipality,Gingelom,Gingelom,Gingelom,be:arr:71000,1977-01-01,,,BE224
be:mun:71020,71020,municipality,Halen,Halen,Halen,be:arr:71000,1977-01-01,,,BE224
be:mun:71024,71024,municipality,Herk-de-Stad,Herck-la-Ville,Herk-de-Stad,be:arr:71000,1977-01-01,,,BE224
be:mun:71034,71034,municipality,Leopoldsburg,Bourg-Léopold,Leopoldsburg,be:arr:71000,1977-01-01,,,BE224
be:mun:71037,71037,municipality,Lummen,Lummen,Lummen,be:arr:71000,1977-01-01,,,BE224
be:mun:71045,71045,municipality,Nieuwerkerken,Nieuwerkerken,Nieuwerkerken,be:arr:71000,1977-01-01,,,BE224
be:mun:71053,71053,municipality,Sint-Truiden,Saint-Trond,Sint-Truiden,be:arr:71000,1977-01-01,,,BE224
be:mun:71066,71066,municipality,Zonhoven,Zonhoven,Zonhoven,be:arr:71000,1977-01-01,,,BE224
be:mun:71067,71067,municipality,Zutendaal,Zutendaal,Zutendaal,be:arr:71000,1977-01-01,,,BE224
be:mun:71070,71070,municipality,Heusden-Zolder,Heusden-Zolder,Heusden-Zolder,be:arr:71000,1977-01-01,,,BE224
be:mun:71071,71071,municipality,Tessenderlo-Ham,Tessenderlo-Ham,Tessenderlo-Ham,be:arr:71000,2025-01-01,,,BE224
be:mun:71072,71072,municipality,Hasselt,Hasselt,Hasselt,be:arr:71000,2025-01-01,,,BE224
be:mun:72003,72003,municipality,Bocholt,Bocholt,Bocholt,be:arr:72000,1977-01-01,,,BE225
be:mun:72004,72004,municipality,Bree,Bree,Bree,be:arr:72000,1977-01-01,,,BE225
be:mun:72018,72018,municipality,Kinrooi,Kinrooi,Kinrooi,be:arr:72000,1977-01-01,,,BE225
be:mun:72020,72020,municipality,Lommel,Lommel,Lommel,be:arr:72000,1977-01-01,,,BE225
be:mun:72021,72021,municipality,Maaseik,Maaseik,Maaseik,be:arr:72000,1977-01-01,,,BE225
be:mun:72030,72030,municipality,Peer,Peer,Peer,be:arr:72000,1977-01-01,,,BE225
be:mun:72037,72037,municipality,Hamont-Achel,Hamont-Achel,Hamont-Achel,be:arr:72000,1977-01-01,,,BE225
be:mun:72038,72038,municipality,Hechtel-Eksel,Hechtel-Eksel,Hechtel-Eksel,be:arr:72000,1977-01-01,,,BE225
be:mun:72039,72039,municipality,Houthalen-Helchteren,Houthalen-Helchteren,Houthalen-Helchteren,be:arr:72000,1977-01-01,,,BE225
be:mun:72041,72041,municipality,Dilsen-Stokkem,Dilsen-Stokkem,Dilsen-Stokkem,be:arr:72000,1977-01-01,,,BE225
be:mun:72042,72042,municipality,Oudsbergen,Oudsbergen,Oudsbergen,be:arr:72000,2019-01-01,,,BE225
be:mun:72043,72043,municipality,Pelt,Pelt,Pelt,be:arr:72000,2019-01-01,,,BE225
be:mun:73001,73001,municipality,Alken,Alken,Alken,be:arr:73000,1977-01-01,,,BE223
be:mun:73022,73022,municipality,Heers,Heers,Heers,be:arr:73000,1977-01-01,,,BE223
be:mun:73028,73028,municipality,Herstappe,Herstappe,Herstappe,be:arr:73000,1977-01-01,,,BE223
be:mun:73042,73042,municipality,Lanaken,Lanaken,Lanaken,be:arr:73000,1977-01-01,,,BE223
be:mun:73066,73066,municipality,Riemst,Riemst,Riemst,be:arr:73000,1977-01-01,,,BE223
be:mun:73098,73098,municipality,Wellen,Wellen,Wellen,be:arr:73000,1977-01-01,,,BE223
be:mun:73107,73107,municipality,Maasmechelen,Maasmechelen,Maasmechelen,be:arr:73000,1977-01-01,,,BE223
be:mun:73109,73109,municipality,Voeren,Fourons,Voeren,be:arr:73000,1977-01-01,,,BE223
be:mun:73110,73110,municipality,Bilzen-Hoeselt,Bilzen-Hoeselt,Bilzen-Hoeselt,be:arr:73000,2025-01-01,,,BE223
be:mun:73111,73111,municipality,Tongeren-Borgloon,Tongres-Looz,Tongeren-Borgloon,be:arr:73000,2025-01-01,,,BE223
be:mun:81001,81001,municipality,Aarlen,Arlon,Arlon,be:arr:81000,1977-01-01,,,BE341
be:mun:81003,81003,municipality,Attert,Attert,Attert,be:arr:81000,1977-01-01,,,BE341
be:mun:81004,81004,municipality,Aubange,Aubange,Aubange,be:arr:81000,1977-01-01,,,BE341
be:mun:81013,81013,municipality,Martelange,Martelange,Martelange,be:arr:81000,1977-01-01,,,BE341
be:mun:81015,81015,municipality,Messancy,Messancy,Messancy,be:arr:81000,1977-01-01,,,BE341
be:mun:82009,82009,municipality,Fauvillers,Fauvillers,Fauvillers,be:arr:82000,1977-01-01,,,BE342
be:mun:82014,82014,municipality,Houffalize,Houffalize,Houffalize,be:arr:82000,1977-01-01,,,BE342
be:mun:82032,82032,municipality,Vielsalm,Vielsalm,Vielsalm,be:arr:82000,1977-01-01,,,BE342
be:mun:82036,82036,municipality,Vaux-sur-Sûre,Vaux-sur-Sûre,Vaux-sur-Sûre,be:arr:82000,1977-01-01,,,BE342
be:mun:82037,82037,municipality,Gouvy,Gouvy,Gouvy,be:arr:82000,1977-01-01,,,BE342
be:mun:82038,82038,municipality,Sainte-Ode,Sainte-Ode,Sainte-Ode,be:arr:82000,1977-01-01,,,BE342
be:mun:82039,82039,municipality,Bastenaken,Bastogne,Bastogne,be:arr:82000,2025-01-01,,,BE342
be:mun:83012,83012,municipality,Durbuy,Durbuy,Durbuy,be:arr:83000,1977-01-01,,,BE343
be:mun:83013,83013,municipality,Erezée,Erezée,Erezée,be:arr:83000,1977-01-01,,,BE343
be:mun:83028,83028,municipality,Hotton,Hotton,Hotton,be:arr:83000,1977-01-01,,,BE343
be:mun:83031,83031,municipality,La Roche-en-Ardenne,La Roche-en-Ardenne,La Roche-en-Ardenne,be:arr:83000,1977-01-01,,,BE343
be:mun:83034,83034,municipality,Marche-en-Famenne,Marche-en-Famenne,Marche-en-Famenne,be:arr:83000,1977-01-01,,,BE343
be:mun:83040,83040,municipality,Nassogne,Nassogne,Nassogne,be:arr:83000,1977-01-01,,,BE343
be:mun:83044,83044,municipality,Rendeux,Rendeux,Rendeux,be:arr:83000,1977-01-01,,,BE343
be:mun:83049,83049,municipality,Tenneville,Tenneville,Tenneville,be:arr:83000,1977-01-01,,,BE343
be:mun:83055,83055,municipality,Manhay,Manhay,Manhay,be:arr:83000,1977-01-01,,,BE343
be:mun:84009,84009,municipality,Bertrix,Bertrix,Bertrix,be:arr:84000,1977-01-01,,,BE344
be:mun:84010,84010,municipality,Bouillon,Bouillon,Bouillon,be:arr:84000,1977-01-01,,,BE344
be:mun:84016,84016,municipality,Daverdisse,Daverdisse,Daverdisse,be:arr:84000,1977-01-01,,,BE344
be:mun:84029,84029,municipality,Herbeumont,Herbeumont,Herbeumont,be:arr:84000,1977-01-01,,,BE344
be:mun:84033,84033,municipality,Léglise,Léglise,Léglise,be:arr:84000,1977-01-01,,,BE344
be:mun:84035,84035,municipality,Libin,Libin,Libin,be:arr:84000,1977-01-01,,,BE344
be:mun:84043,84043,municipality,Neufchâteau,Neufchâteau,Neufchâteau,be:arr:84000,1977-01-01,,,BE344
be:mun:84050,84050,municipality,Paliseul,Paliseul,Paliseul,be:arr:84000,1977-01-01,,,BE344
be:mun:84059,84059,municipality,Saint-Hubert,Saint-Hubert,Saint-Hubert,be:arr:84000,1977-01-01,,,BE344
be:mun:84068,84068,municipality,Tellin,Tellin,Tellin,be:arr:84000,1977-01-01,,,BE344
be:mun:84075,84075,municipality,Wellin,Wellin,Wellin,be:arr:84000,1977-01-01,,,BE344
be:mun:84077,84077,municipality,Libramont-Chevigny,Libramont-Chevigny,Libramont-Chevigny,be:arr:84000,1977-01-01,,,BE344
be:mun:85007,85007,municipality,Chiny,Chiny,Chiny,be:arr:85000,1977-01-01,,,BE345
be:mun:85009,85009,municipality,Etalle,Etalle,Etalle,be:arr:85000,1977-01-01,,,BE345
be:mun:85011,85011,municipality,Florenville,Florenville,Florenville,be:arr:85000,1977-01-01,,,BE345
be:mun:85024,85024,municipality,Meix-devant-Virton,Meix-devant-Virton,Meix-devant-Virton,be:arr:85000,1977-01-01,,,BE345
be:mun:85026,85026,municipality,Musson,Musson,Musson,be:arr:85000,1977-01-01,,,BE345
be:mun:85034,85034,municipality,Saint-Léger,Saint-Léger,Saint-Léger,be:arr:85000,1977-01-01,,,BE345
be:mun:85039,85039,municipality,Tintigny,Tintigny,Tintigny,be:arr:85000,1977-01-01,,,BE345
be:mun:85045,85045,municipality,Virton,Virton,Virton,be:arr:85000,1977-01-01,,,BE345
be:mun:85046,85046,municipality,Habay,Habay,Habay,be:arr:85000,1977-01-01,,,BE345
be:mun:85047,85047,municipality,Rouvroy,Rouvroy,Rouvroy,be:arr:85000,1977-01-01,,,BE345
be:mun:91005,91005,municipality,Anhée,Anhée,Anhée,be:arr:91000,1977-01-01,,,BE351
be:mun:91013,91013,municipality,Beauraing,Beauraing,Beauraing,be:arr:91000,1977-01-01,,,BE351
be:mun:91015,91015,municipality,Bièvre,Bièvre,Bièvre,be:arr:91000,1977-01-01,,,BE351
be:mun:91030,91030,municipality,Ciney,Ciney,Ciney,be:arr:91000,1977-01-01,,,BE351
be:mun:91034,91034,municipality,Dinant,Dinant,Dinant,be:arr:91000,1977-01-01,,,BE351
be:mun:91054,91054,municipality,Gedinne,Gedinne,Gedinne,be:arr:91000,1977-01-01,,,BE351
be:mun:91059,91059,municipality,Hamois,Hamois,Hamois,be:arr:91000,1977-01-01,,,BE351
be:mun:91064,91064,municipality,Havelange,Havelange,Havelange,be:arr:91000,1977-01-01,,,BE351
be:mun:91072,91072,municipality,Houyet,Houyet,Houyet,be:arr:91000,1977-01-01,,,BE351
be:mun:91103,91103,municipality,Onhaye,Onhaye,Onhaye,be:arr:91000,1977-01-01,,,BE351
be:mun:91114,91114,municipality,Rochefort,Rochefort,Rochefort,be:arr:91000,1977-01-01,,,BE351
be:mun:91120,91120,municipality,Somme-Leuze,Somme-Leuze,Somme-Leuze,be:arr:91000,1977-01-01,,,BE351
be:mun:91141,91141,municipality,Yvoir,Yvoir,Yvoir,be:arr:91000,1977-01-01,,,BE351
be:mun:91142,91142,municipality,Hastière,Hastière,Hastière,be:arr:91000,1977-01-01,,,BE351
be:mun:91143,91143,municipality,Vresse-sur-Semois,Vresse-sur-Semois,Vresse-sur-Semois,be:arr:91000,1977-01-01,,,BE351
be:mun:92003,92003,municipality,Andenne,Andenne,Andenne,be:arr:92000,1977-01-01,,,BE352
be:mun:92006,92006,municipality,Assesse,Assesse,Assesse,be:arr:92000,1977-01-01,,,BE352
be:mun:92035,92035,municipality,Eghezée,Eghezée,Eghezée,be:arr:92000,1977-01-01,,,BE352
be:mun:92045,92045,municipality,Floreffe,Floreffe,Floreffe,be:arr:92000,1977-01-01,,,BE352
be:mun:92048,92048,municipality,Fosses-la-Ville,Fosses-la-Ville,Fosses-la-Ville,be:arr:92000,1977-01-01,,,BE352
be:mun:92054,92054,municipality,Gesves,Gesves,Gesves,be:arr:92000,1977-01-01,,,BE352
be:mun:92087,92087,municipality,Mettet,Mettet,Mettet,be:arr:92000,1977-01-01,,,BE352
be:mun:92094,92094,municipality,Namen,Namur,Namur,be:arr:92000,1977-01-01,,,BE352
be:mun:92097,92097,municipality,Ohey,Ohey,Ohey,be:arr:92000,1977-01-01,,,BE352
be:mun:92101,92101,municipality,Profondeville,Profondeville,Profondeville,be:arr:92000,1977-01-01,,,BE352
be:mun:92114,92114,municipality,Sombreffe,Sombreffe,Sombreffe,be:arr:92000,1977-01-01,,,BE352
be:mun:92137,92137,municipality,Sambreville,Sambreville,Sambreville,be:arr:92000,1977-01-01,,,BE352
be:mun:92138,92138,municipality,Fernelmont,Fernelmont,Fernelmont,be:arr:92000,1977-01-01,,,BE352
be:mun:92140,92140,municipality,Jemeppe-sur-Sambre,Jemeppe-sur-Sambre,Jemeppe-sur-Sambre,be:arr:92000,1977-01-01,,,BE352
be:mun:92141,92141,municipality,La Bruyère,La Bruyère,La Bruyère,be:arr:92000,1977-01-01,,,BE352
be:mun:92142,92142,municipality,Gembloux,Gembloux,Gembloux,be:arr:92000,1977-01-01,,,BE352
be:mun:93010,93010,municipality,Cerfontaine,Cerfontaine,Cerfontaine,be:arr:93000,1977-01-01,,,BE353
be:mun:93014,93014,municipality,Couvin,Couvin,Couvin,be:arr:93000,1977-01-01,,,BE353
be:mun:93018,93018,municipality,Doische,Doische,Doische,be:arr:93000,1977-01-01,,,BE353
be:mun:93022,93022,municipality,Florennes,Florennes,Florennes,be:arr:93000,1977-01-01,,,BE353
be:mun:93056,93056,municipality,Philippeville,Philippeville,Philippeville,be:arr:93000,1977-01-01,,,BE353
be:mun:93088,93088,municipality,Walcourt,Walcourt,Walcourt,be:arr:93000,1977-01-01,,,BE353
be:mun:93090,93090,municipality,Viroinval,Viroinval,Viroinval,be:arr:93000,1977-01-01,,,BE353
be:prov:10000,10000,province,Provincie Antwerpen,Province d’Anvers,Antwerp,be:reg:02000,1977-01-01,,,BE21
be:prov:20001,20001,province,Provincie Vlaams-Brabant,Province du Brabant flamand,Flemish Brabant,be:reg:02000,1977-01-01,,,BE24
be:prov:20002,20002,province,Provincie Waals-Brabant,Province du Brabant wallon,Walloon Brabant,be:reg:03000,1977-01-01,,,BE31
be:prov:30000,30000,province,Provincie West-Vlaanderen,Province de Flandre occidentale,West Flanders,be:reg:02000,1977-01-01,,,BE25
be:prov:40000,40000,province,Provincie Oost-Vlaanderen,Province de Flandre orientale,East Flanders,be:reg:02000,1977-01-01,,,BE23
be:prov:50000,50000,province,Provincie Henegouwen,Province du Hainaut,Hainaut,be:reg:03000,1977-01-01,,,BE32
be:prov:60000,60000,province,Provincie Luik,Province de Liège,Liège,be:reg:03000,1977-01-01,,,BE33
be:prov:70000,70000,province,Provincie Limburg,Province du Limbourg,Limburg,be:reg:02000,1977-01-01,,,BE22
be:prov:80000,80000,province,Provincie Luxemburg,Province du Luxembourg,Luxembourg,be:reg:03000,1977-01-01,,,BE34
be:prov:90000,90000,province,Provincie Namen,Province de Namur,Namur,be:reg:03000,1977-01-01,,,BE35
be:reg:02000,02000,region,Vlaams Gewest,Région flamande,Flanders,be:country,1977-01-01,,,BE2
be:reg:03000,03000,region,Waals Gewest,Région wallonne,Wallonia,be:country,1977-01-01,,,BE3
be:reg:04000,04000,region,Brussels Hoofdstedelijk Gewest,Région de Bruxelles-Capitale,Brussels-Capital Region,be:country,1977-01-01,,,BE1
