code,reason
UK,United Kingdom -- left the EU; not EU/EFTA/an official candidate. Eurostat's licence forbids commercial redissemination of data for countries outside that set (docs/features/international.md).
XK,Kosovo -- a potential candidate, not yet granted candidate status (https://european-union.europa.eu/principles-countries-history/eu-enlargement_en, read 2026-09-13). Excluded on the same licence ground as UK/US/JP.
US,United States -- not EU/EFTA/an official candidate.
JP,Japan -- not EU/EFTA/an official candidate.
EA12,Superseded euro-area composition (12 countries); ambiguous which vintage a plain "euro area" figure means. The pilot's fixed euro-area aggregate is EA21.
EA19,Superseded euro-area composition (19 countries, 2015-2022). See EA21.
EA20,Superseded euro-area composition (20 countries, 2023-2025). See EA21.
EU,Eurostat's dynamic "current EU" code, composition not fixed by the code itself. The pilot's fixed EU aggregate is EU27_2020.
EU28,Pre-Brexit EU composition (28 countries), no longer current. See EU27_2020.
EEA,European Economic Area -- a distinct grouping (EU + EFTA minus Switzerland) from either pilot aggregate; not one of the two aggregates the maintainer decided on.
EU27_2007,Superseded EU27 composition (2007-2013 enlargement basis, pre-Croatia). The pilot's fixed EU aggregate is EU27_2020. Seen live in demo_r_pjanaggr3 (Europe countries batch, docs/features/europe_countries.md, 2026-09-15) alongside EU27_2020.
DE_TOT,"Germany's whole-country total under an alternate code some Eurostat regional datasets carry alongside the real country code 'DE' (same figure, different geo label). Not a distinct geography. Seen live in demo_r_pjanaggr3 (Europe countries batch, docs/features/europe_countries.md, 2026-09-15)."
FX,"Metropolitan France under an alternate Eurostat geo code some demographic datasets carry alongside the real country code 'FR' (excludes French overseas departments/regions -- Eurostat's INSEE-derived convention). Not a distinct geography this pipeline tracks separately from FR. Seen live in demo_mlexpec (Eurostat additional domains batch, docs/data_catalog.md, 2026-09-15)."
EEA31,"European Economic Area, 31-member vintage -- same aggregate grouping as the already-excluded 'EEA' code, just a versioned/counted variant. Not one of the two aggregates the maintainer decided on (EA21, EU27_2020). Seen live in demo_mlexpec (Eurostat additional domains batch, docs/data_catalog.md, 2026-09-15)."
EEA30_2007,"European Economic Area, 30-member 2007 vintage -- same aggregate grouping as the already-excluded 'EEA' code, a different versioned/counted variant. Not one of the two aggregates the maintainer decided on. Seen live in demo_mlexpec (Eurostat additional domains batch, docs/data_catalog.md, 2026-09-15)."
EFTA,"European Free Trade Association aggregate code -- a grouping, not a place. Not one of the two aggregates the maintainer decided on (EA21, EU27_2020). Seen live in demo_mlexpec (Eurostat additional domains batch, docs/data_catalog.md, 2026-09-15)."
AM,Armenia -- not EU/EFTA/an official candidate. Excluded on the same licence ground as UK/US/JP/XK. Seen live in demo_mlexpec (Eurostat additional domains batch, docs/data_catalog.md, 2026-09-15).
AZ,Azerbaijan -- not EU/EFTA/an official candidate. Excluded on the same licence ground as UK/US/JP/XK. Seen live in demo_mlexpec (Eurostat additional domains batch, docs/data_catalog.md, 2026-09-15).
BY,Belarus -- not EU/EFTA/an official candidate. Excluded on the same licence ground as UK/US/JP/XK. Seen live in demo_mlexpec (Eurostat additional domains batch, docs/data_catalog.md, 2026-09-15).
RU,Russia -- not EU/EFTA/an official candidate. Excluded on the same licence ground as UK/US/JP/XK. Seen live in demo_mlexpec (Eurostat additional domains batch, docs/data_catalog.md, 2026-09-15).
SM,San Marino -- not EU/EFTA/an official candidate (an EU Association Agreement is not candidate status). Excluded on the same licence ground as UK/US/JP/XK. Seen live in demo_mlexpec (Eurostat additional domains batch, docs/data_catalog.md, 2026-09-15).
AD,Andorra -- not EU/EFTA/an official candidate. Excluded on the same licence ground as UK/US/JP/XK. Seen live in demo_pjan and demo_gind (Eurostat additional domains batch, docs/data_catalog.md, 2026-09-15).
MC,Monaco -- not EU/EFTA/an official candidate. Excluded on the same licence ground as UK/US/JP/XK. Seen live in demo_pjan and demo_gind (Eurostat additional domains batch, docs/data_catalog.md, 2026-09-15).
CN_X_HK,China (excluding Hong Kong) -- not EU/EFTA/an official candidate; a non-European R&D benchmark comparator Eurostat includes in its R&D datasets. Excluded on the same licence ground as UK/US/JP/XK. Seen live in rd_e_gerdtot and rd_p_persocc (Eurostat additional domains batch, docs/data_catalog.md, 2026-09-15).
KR,South Korea -- not EU/EFTA/an official candidate; a non-European R&D benchmark comparator Eurostat includes in its R&D datasets. Excluded on the same licence ground as UK/US/JP/XK. Seen live in rd_e_gerdtot and rd_p_persocc (Eurostat additional domains batch, docs/data_catalog.md, 2026-09-15).
EA18,Superseded euro-area composition (18 countries). See EA21, the pilot's fixed euro-area aggregate. Seen live in ilc_peps01n (Eurostat additional domains batch, docs/data_catalog.md, 2026-09-15).
